Multiple value no Qualified Claims (filtered-claims-without-quals-counted-label) - Contagem de predicaos para o conjunto filtrado de múltiplos valores SEM qualificação,,,,,,,,,,,,,,
Predicate,Count,Label,Frequency,,Accumulated Freq,,,,,,,,,
P31,4726255,instance of'@en,"11,41",,"11,41",,,,,,,,59717980,"7,91"
P528,4114061,catalog code'@en,"9,94",,"21,35",,,,,,,,28738709,"14,32"
P106,3874078,occupation'@en,"9,36",,"30,71",,,,,,,,9608349,"40,32"
P361,1907576,part of'@en,"4,61",,"35,32",,,,,,,,4397806,"43,38"
P971,1600247,category combines topics'@en,"3,86",,"39,18",,,,,,,,2319814,"68,98"
P527,1274798,has part or parts'@en,"3,08",,"42,26",,,,,,,,1947505,"65,46"
P279,1205993,subclass of'@en,"2,91",,"45,17",,,,,,,,3296313,"36,59"
P161,1196981,cast member'@en,"2,89",,"48,06",,,,,,,,1429924,"83,71"
P40,1041760,child'@en,"2,52",,"50,58",,,,,,,,1563655,"66,62"
P150,1023658,contains administrative territorial entity'@en,"2,47",TOP-10,"53,05",,,,,,,,1046411,"97,83"
P131,778444,located in the administrative territorial entity'@en,"1,88",,"54,93",,,,,,,,11371144,"6,85"
P186,665979,made from material'@en,"1,61",,"56,54",,,,,,,,1333739,"49,93"
P166,665783,award received'@en,"1,61",,"58,15",,,,,,,,1365099,"48,77"
P69,576548,educated at'@en,"1,39",,"59,54",,,,,,,,2285190,"25,23"
P47,521431,shares border with'@en,"1,26",,"60,8",,,,,,,,606626,"85,96"
P1843,492998,taxon common name'@en,"1,19",,"61,99",,,,,,,,585441,"84,21"
P27,484268,country of citizenship'@en,"1,17",,"63,16",,,,,,,,4494645,
P1436,472280,collection or exhibition size'@en,"1,14",,"64,3",,,,,,,,481891,
P195,435623,collection'@en,"1,05",,"65,35",,,,,,,,1973867,
P136,417214,genre'@en,"1,01",,"66,36",,,,,,,,1508670,
P921,398185,main subject'@en,"0,96",,"67,32",,,,,,,,1158408,
P180,390678,depicts'@en,"0,94",,"68,26",,,,,,,,619426,
P703,389259,found in taxon'@en,"0,94",,"69,2",,,,,,,,2847102,
P1412,381158,"languages spoken, written or signed'@en","0,92",,"70,12",,,,,,,,2401376,
P17,368262,country'@en,"0,89",,"71,01",,,,,,,,14996553,
P281,360402,postal code'@en,"0,87",,"71,88",,,,,,,,1908017,
P128,316567,regulates (molecular biology)'@en,"0,76",,"72,64",,,,,,,,326035,
P4575,304364,HTML entity'@en,"0,74",,"73,38",,,,,,,,304369,
P1476,291077,title'@en,"0,7",,"74,08",,,,,,,,4026695,
P3373,282138,sibling'@en,"0,68",,"74,76",,,,,,,,411175,
P569,271475,date of birth'@en,"0,66",,"75,42",,,,,,,,5793113,
P108,269234,employer'@en,"0,65",,"76,07",,,,,,,,1635050,
P625,268714,coordinate location'@en,"0,65",,"76,72",,,,,,,,9267000,
P54,266365,member of sports team'@en,"0,64",,"77,36",,,,,,,,1549413,
P18,263041,image'@en,"0,64",,78,,,,,,,,4423081,
P185,251129,doctoral student'@en,"0,61",,"78,61",,,,,,,,298171,
P6379,225628,has works in the collection'@en,"0,54",,"79,15",,,,,,,,320821,
P1344,225094,participant in'@en,"0,54",,"79,69",,,,,,,,694612,
P570,205148,date of death'@en,"0,5",,"80,19",,,,,,,,2926895,
P735,198642,given name'@en,"0,48",,"80,67",,,,,,,,6824771,
P39,188164,position held'@en,"0,45",,"81,12",,,,,,,,1485766,
P6153,184612,research site'@en,"0,45",,"81,57",,,,,,,,266858,
P460,174091,said to be the same as'@en,"0,42",,"81,99",,,,,,,,287695,
P1090,165236,redshift'@en,"0,4",,"82,39",,,,,,,,989410,
P1889,160419,different from'@en,"0,39",,"82,78",,,,,,,,811803,
P463,153526,member of'@en,"0,37",,"83,15",,,,,,,,444593,
P407,131978,language of work or name'@en,"0,32",,"83,47",,,,,,,,2742164,
P2789,118879,connects with'@en,"0,29",,"83,76",,,,,,,,185359,
P2216,112358,radial velocity'@en,"0,27",,"84,03",,,,,,,,3784378,
P490,109267,provisional designation'@en,"0,26",,"84,29",,,,,,,,120543,
P1478,104409,has immediate cause'@en,"0,25",,"84,54",,,,,,,,125079,
P1050,104207,medical condition'@en,"0,25",,"84,79",,,,,,,,242080,
P1343,102583,described by source'@en,"0,25",,"85,04",,,,,,,,857017,
P1448,99635,official name'@en,"0,24",,"85,28",,,,,,,,1590456,
P101,97577,field of work'@en,"0,24",,"85,52",,,,,,,,256974,
P973,94026,described at URL'@en,"0,23",,"85,75",,,,,,,,728460,
P184,89957,doctoral advisor'@en,"0,22",,"85,97",,,,,,,,303776,
P674,89042,characters'@en,"0,22",,"86,19",,,,,,,,125900,
P710,88790,participant'@en,"0,21",,"86,4",,,,,,,,432740,
P4844,88406,research intervention'@en,"0,21",,"86,61",,,,,,,,146974,
P856,86754,official website'@en,"0,21",,"86,82",,,,,,,,1609856,
P937,83033,work location'@en,"0,2",,"87,02",,,,,,,,341839,
P355,80762,subsidiary'@en,"0,2",,"87,22",,,,,,,,93775,
P50,80041,author'@en,"0,19",,"87,41",,,,,,,,1635488,
P607,78654,conflict'@en,"0,19",,"87,6",,,,,,,,224219,
P2860,75931,cites work'@en,"0,18",,"87,78",,,,,,,,116175,
P276,75851,location'@en,"0,18",,"87,96",,,,,,,,2613926,
P1096,75276,orbital eccentricity'@en,"0,18",,"88,14",,,,,,,,84638,
P58,74001,screenwriter'@en,"0,18",,"88,32",,,,,,,,189530,
P2046,72057,area'@en,"0,17",,"88,49",,,,,,,,684428,
P400,70580,platform'@en,"0,17",,"88,66",,,,,,,,101380,
P7328,69288,amount cataloged'@en,"0,17",,"88,83",,,,,,,,88359,
P1923,68080,participating team'@en,"0,16",,"88,99",,,,,,,,161213,
P2093,67819,author name string'@en,"0,16",,"89,15",,,,,,,,398874,
P102,65998,member of political party'@en,"0,16",,"89,31",,,,,,,,502634,
P641,65277,sport'@en,"0,16",,"89,47",,,,,,,,1910674,
P750,64705,distributed by'@en,"0,16",,"89,63",,,,,,,,155897,
P1001,62532,applies to jurisdiction'@en,"0,15",,"89,78",,,,,,,,947743,
P2521,60959,female form of label'@en,"0,15",,"89,93",,,,,,,,131776,
P734,59421,family name'@en,"0,14",TOP-K,"90,07",,,,,,,,4010661,
P495,59279,country of origin'@en,"0,14",,"90,21",,,,,,,,1331505,
P974,58731,tributary'@en,"0,14",,"90,35",,,,,,,,72253,
P264,55781,record label'@en,"0,13",,"90,48",,,,,,,,341546,
P1303,55124,instrument'@en,"0,13",,"90,61",,,,,,,,211460,
P437,54193,distribution format'@en,"0,13",,,,,,,,,,212216,
P1441,53181,present in work'@en,"0,13",,,,,,,,,,128959,
P800,51185,notable work'@en,"0,12",,,,,,,,,,95659,
P571,48058,inception'@en,"0,12",,,,,,,,,,2538835,
P197,47526,adjacent station'@en,"0,11",,,,,,,,,,214327,
P2888,46416,exact match'@en,"0,11",,,,,,,,,,550695,
P1705,45892,native label'@en,"0,11",,,,,,,,,,838882,
P1066,44981,student of'@en,"0,11",,,,,,,,,,87659,
P6879,44421,effective temperature'@en,"0,11",,,,,,,,,,639377,
P1435,41857,heritage designation'@en,"0,1",,,,,,,,,,2104249,
P802,41397,student'@en,"0,1",,,,,,,,,,63495,
P421,40802,located in time zone'@en,"0,1",,,,,,,,,,2016829,
P577,40311,publication date'@en,"0,1",,,,,,,,,,2536217,
P175,40061,performer'@en,"0,1",,,,,,,,,,504429,
P162,39826,producer'@en,"0,1",,,,,,,,,,176485,
P2851,38233,payment types accepted'@en,"0,09",,,,,,,,,,39245,
P57,37381,director'@en,"0,09",,,,,,,,,,333611,
P7015,35831,surface gravity'@en,"0,09",,,,,,,,,,558681,
P2079,35181,fabrication method'@en,"0,08",,,,,,,,,,127100,
P19,34129,place of birth'@en,"0,08",,,,,,,,,,3064487,
P2567,34006,amended by'@en,"0,08",,,,,,,,,,38200,
P6099,33887,clinical trial phase'@en,"0,08",,,,,,,,,,177423,
P6375,32922,street address'@en,"0,08",,,,,,,,,,1276158,
P2044,32746,elevation above sea level'@en,"0,08",,,,,,,,,,1351212,
P725,32218,voice actor'@en,"0,08",,,,,,,,,,65122,
P2214,31959,parallax'@en,"0,08",,,,,,,,,,3674757,
P170,31421,creator'@en,"0,08",,,,,,,,,,871782,
P551,31396,residence'@en,"0,08",,,,,,,,,,291467,
P1383,31076,contains settlement'@en,"0,08",,,,,,,,,,34078,
P793,31005,significant event'@en,"0,07",,,,,,,,,,460703,
P138,30975,named after'@en,"0,07",,,,,,,,,,375152,
P2936,30369,language used'@en,"0,07",,,,,,,,,,43130,
P2583,30011,distance from Earth'@en,"0,07",,,,,,,,,,3027938,
P1269,29981,facet of'@en,"0,07",,,,,,,,,,115848,
P190,29143,twinned administrative body'@en,"0,07",,,,,,,,,,48991,
P6257,28939,right ascension'@en,"0,07",,,,,,,,,,8091255,
P6258,28683,declination'@en,"0,07",,,,,,,,,,8091122,
P2227,28218,metallicity'@en,"0,07",,,,,,,,,,230744,
P215,28091,spectral class'@en,"0,07",,,,,,,,,,770031,
P8875,27970,indexed in bibliographic review'@en,"0,07",,,,,,,,,,55432,
P1830,27875,owner of'@en,"0,07",,,,,,,,,,45961,
P26,27383,spouse'@en,"0,07",,,,,,,,,,732347,
P688,26073,encodes'@en,"0,06",,,,,,,,,,973792,
P81,25847,connecting line'@en,"0,06",,,,,,,,,,113134,
P1192,25271,connecting service'@en,"0,06",,,,,,,,,,42325,
P272,24874,production company'@en,"0,06",,,,,,,,,,120117,
P742,24307,pseudonym'@en,"0,06",,,,,,,,,,64061,
P1365,23806,replaces'@en,"0,06",,,,,,,,,,86406,
P20,22494,place of death'@en,"0,05",,,,,,,,,,1223012,
P171,22142,parent taxon'@en,"0,05",,,,,,,,,,3613473,
P137,22010,operator'@en,"0,05",,,,,,,,,,541793,
P1532,21324,country for sport'@en,"0,05",,,,,,,,,,206642,
P452,21091,industry'@en,"0,05",,,,,,,,,,114173,
P3148,20759,repeals'@en,"0,05",,,,,,,,,,28850,
P3578,20593,autologous cell line'@en,"0,05",,,,,,,,,,28392,
P404,20592,game mode'@en,"0,05",,,,,,,,,,43607,
P118,20428,league'@en,"0,05",,,,,,,,,,192837,
P559,20182,terminus'@en,"0,05",,,,,,,,,,61172,
P112,20036,founded by'@en,"0,05",,,,,,,,,,74571,
P702,19534,encoded by'@en,"0,05",,,,,,,,,,976833,
P5008,19304,on focus list of Wikimedia project'@en,"0,05",,,,,,,,,,620518,
P5236,18859,prime factor'@en,"0,05",,,,,,,,,,151202,
P172,18338,ethnic group'@en,"0,04",,,,,,,,,,163214,
P747,18249,has edition or translation'@en,"0,04",,,,,,,,,,87773,
P86,17906,composer'@en,"0,04",,,,,,,,,,189590,
P364,17859,original language of film or TV show'@en,"0,04",,,,,,,,,,352622,
P2561,17830,name'@en,"0,04",,,,,,,,,,206137,
P61,17803,discoverer or inventor'@en,"0,04",,,,,,,,,,84472,
P840,17772,narrative location'@en,"0,04",,,,,,,,,,91836,
P2868,17494,subject has role'@en,"0,04",,,,,,,,,,355223,
P123,17186,publisher'@en,"0,04",,,,,,,,,,290842,
P2643,17084,Carnegie Classification of Institutions of Higher Education'@en,"0,04",,,,,,,,,,17091,
P1433,16979,published in'@en,"0,04",,,,,,,,,,1229643,
P127,16651,owned by'@en,"0,04",,,,,,,,,,469612,
P413,16408,position played on team / speciality'@en,"0,04",,,,,,,,,,403397,
P1552,16350,has quality'@en,"0,04",,,,,,,,,,69339,
P1536,16044,immediate cause of'@en,"0,04",,,,,,,,,,18765,
P1813,15967,short name'@en,"0,04",,,,,,,,,,195756,
P8872,15919,has marker'@en,"0,04",,,,,,,,,,15945,
P4101,15615,dissertation submitted to'@en,"0,04",,,,,,,,,,76098,
P859,15345,sponsor'@en,"0,04",,,,,,,,,,135579,
P306,15313,operating system'@en,"0,04",,,,,,,,,,39526,
P366,15215,has use'@en,"0,04",,,,,,,,,,92867,
P915,14801,filming location'@en,"0,04",,,,,,,,,,32921,
P1376,14788,capital of'@en,"0,04",,,,,,,,,,85565,
P149,14448,architectural style'@en,"0,03",,,,,,,,,,139111,
P1547,14391,depends on software'@en,"0,03",,,,,,,,,,18947,
P206,14308,located in or next to body of water'@en,"0,03",,,,,,,,,,78371,
P140,14158,religion or worldview'@en,"0,03",,,,,,,,,,450242,
P1416,13739,affiliation'@en,"0,03",,,,,,,,,,87975,
P1142,13712,political ideology'@en,"0,03",,,,,,,,,,24135,
P1056,13524,product or material produced'@en,"0,03",,,,,,,,,,46247,
P609,13462,terminus location'@en,"0,03",,,,,,,,,,33758,
P84,13361,architect'@en,"0,03",,,,,,,,,,76135,
P462,13313,color'@en,"0,03",,,,,,,,,,196633,
P1559,12392,name in native language'@en,"0,03",,,,,,,,,,593970,
P196,12181,minor planet group'@en,"0,03",,,,,,,,,,97617,
P2341,12141,indigenous to'@en,"0,03",,,,,,,,,,18359,
P2416,12069,sports discipline competed in'@en,"0,03",,,,,,,,,,49817,
P737,11936,influenced by'@en,"0,03",,,,,,,,,,18857,
P1031,11833,legal citation of this text'@en,"0,03",,,,,,,,,,557572,
P155,11808,follows'@en,"0,03",,,,,,,,,,1133500,
P669,11748,located on street'@en,"0,03",,,,,,,,,,173010,
P912,11666,has facility'@en,"0,03",,,,,,,,,,19718,
P512,11493,academic degree'@en,"0,03",,,,,,,,,,136844,
P156,11428,followed by'@en,"0,03",,,,,,,,,,1125386,
P664,11272,organizer'@en,"0,03",,,,,,,,,,90921,
P9493,10994,artist files at'@en,"0,03",,,,,,,,,,56519,
P5030,10992,talk show guest'@en,"0,03",,,,,,,,,,15629,
P749,10966,parent organization'@en,"0,03",,,,,,,,,,123208,
P2302,10767,property constraint'@en,"0,03",,,,,,,,,,62692,
P344,10710,director of photography'@en,"0,03",,,,,,,,,,91976,
P2522,10545,victory'@en,"0,03",,,,,,,,,,18483,
P37,10508,official language'@en,"0,03",,,,,,,,,,21823,
P241,10331,military branch'@en,"0,02",,,,,,,,,,115630,
P4969,10238,derivative work'@en,"0,02",,,,,,,,,,20204,
P1891,10082,signatory'@en,"0,02",,,,,,,,,,17281,
P16,9864,transport network'@en,"0,02",,,,,,,,,,54047,
P682,9760,biological process'@en,"0,02",,,,,,,,,,1194153,
P996,9742,document file on Wikimedia Commons'@en,"0,02",,,,,,,,,,166205,
P541,9422,office contested'@en,"0,02",,,,,,,,,,43131,
P159,9372,headquarters location'@en,"0,02",,,,,,,,,,437931,
P676,9208,lyrics by'@en,"0,02",,,,,,,,,,42037,
P371,9090,presenter'@en,"0,02",,,,,,,,,,36385,
P457,8944,foundational text'@en,"0,02",,,,,,,,,,50561,
P410,8881,military rank'@en,"0,02",,,,,,,,,,158704,
P780,8707,symptoms and signs'@en,"0,02",,,,,,,,,,10916,
P200,8667,inflows'@en,"0,02",,,,,,,,,,15218,
P4945,8250,download link'@en,"0,02",,,,,,,,,,12110,
P466,8097,occupant'@en,"0,02",,,,,,,,,,34859,
P1072,8080,readable file format'@en,"0,02",,,,,,,,,,8961,
P1990,7945,species kept'@en,"0,02",,,,,,,,,,8103,
P1594,7803,judge'@en,"0,02",,,,,,,,,,9986,
P767,7764,contributor to the creative work or subject'@en,"0,02",,,,,,,,,,41234,
P97,7738,noble title'@en,"0,02",,,,,,,,,,55386,
P2354,7667,has list'@en,"0,02",,,,,,,,,,32891,
P4150,7664,weather history'@en,"0,02",,,,,,,,,,16135,
P176,7576,manufacturer'@en,"0,02",,,,,,,,,,134768,
P242,7513,locator map image'@en,"0,02",,,,,,,,,,219948,
P1104,7511,number of pages'@en,"0,02",,,,,,,,,,120324,
P1366,7452,replaced by'@en,"0,02",,,,,,,,,,87375,
P910,7423,topic\'s main category'@en,"0,02",,,,,,,,,,688314,
P126,7276,maintained by'@en,"0,02",,,,,,,,,,529281,
P223,7253,galaxy morphological type'@en,"0,02",,,,,,,,,,120399,
P680,7121,molecular function'@en,"0,02",,,,,,,,,,1210127,
P692,7106,Gene Atlas Image'@en,"0,02",,,,,,,,,,12857,
P183,7075,endemic to'@en,"0,02",,,,,,,,,,32508,
P547,7061,commemorates'@en,"0,02",,,,,,,,,,26441,
P135,7053,movement'@en,"0,02",,,,,,,,,,59821,
P4776,7038,MAC Address Block Large ID'@en,"0,02",,,,,,,,,,7133,
P282,7027,writing system'@en,"0,02",,,,,,,,,,626966,
P98,6993,editor'@en,"0,02",,,,,,,,,,31816,
P1420,6967,taxon synonym'@en,"0,02",,,,,,,,,,21652,
P2632,6943,place of detention'@en,"0,02",,,,,,,,,,149652,
P608,6857,exhibition history'@en,"0,02",,,,,,,,,,26831,
P291,6831,place of publication'@en,"0,02",,,,,,,,,,298575,
P6886,6724,writing language'@en,"0,02",,,,,,,,,,165469,
P121,6721,item operated'@en,"0,02",,,,,,,,,,13351,
P2614,6703,World Heritage criteria'@en,"0,02",,,,,,,,,,7141,
P296,6667,station code'@en,"0,02",,,,,,,,,,37116,
P473,6450,local dialing code'@en,"0,02",,,,,,,,,,197152,
P7937,6261,form of creative work'@en,"0,02",,,,,,,,,,347324,
P1549,6054,demonym'@en,"0,01",,,,,,,,,,29404,
P1684,6024,inscription'@en,"0,01",,,,,,,,,,44978,
P7782,6021,category for ship name'@en,"0,01",,,,,,,,,,30691,
P2283,5993,uses'@en,"0,01",,,,,,,,,,24164,
P6569,5934,taxon especially protected in area'@en,"0,01",,,,,,,,,,6206,
P2541,5897,operating area'@en,"0,01",,,,,,,,,,18168,
P1071,5871,location of creation'@en,"0,01",,,,,,,,,,83499,
P2975,5867,host'@en,"0,01",,,,,,,,,,7420,
P2650,5863,interested in'@en,"0,01",,,,,,,,,,15095,
P2176,5852,drug or therapy used for treatment'@en,"0,01",,,,,,,,,,6993,
P2563,5847,superhuman feature or ability'@en,"0,01",,,,,,,,,,7170,
P585,5817,point in time'@en,"0,01",,,,,,,,,,867493,
P154,5809,logo image'@en,"0,01",,,,,,,,,,107942,
P1457,5768,absolute magnitude'@en,"0,01",,,,,,,,,,51470,
P2670,5744,has part(s) of the class'@en,"0,01",,,,,,,,,,39166,
P144,5737,based on'@en,"0,01",,,,,,,,,,53413,
P1449,5712,nickname'@en,"0,01",,,,,,,,,,36082,
P1329,5674,phone number'@en,"0,01",,,,,,,,,,141813,
P373,5671,Commons category'@en,"0,01",,,,,,,,,,3534429,
P1346,5647,winner'@en,"0,01",,,,,,,,,,248636,
P360,5538,is a list of'@en,"0,01",,,,,,,,,,249892,
P1082,5517,population'@en,"0,01",,,,,,,,,,2362056,
P2348,5502,time period'@en,"0,01",,,,,,,,,,171645,
P2175,5407,medical condition treated'@en,"0,01",,,,,,,,,,6971,
P953,5356,full work available at URL'@en,"0,01",,,,,,,,,,1142434,
P479,5240,input method'@en,"0,01",,,,,,,,,,15270,
P1257,5225,depicts Iconclass notation'@en,"0,01",,,,,,,,,,16002,
P1040,5184,film editor'@en,"0,01",,,,,,,,,,53600,
P3321,5009,male form of label'@en,"0,01",,,,,,,,,,14871,
P3880,4901,Caverphone'@en,"0,01",,,,,,,,,,246109,
P3602,4847,candidacy in election'@en,"0,01",,,,,,,,,,159703,
P4296,4841,stellar rotational velocity'@en,"0,01",,,,,,,,,,34815,
P1389,4763,product certification'@en,"0,01",,,,,,,,,,8988,
P1110,4727,attendance'@en,"0,01",,,,,,,,,,26079,
P825,4716,dedicated to'@en,"0,01",,,,,,,,,,51062,
P178,4706,developer'@en,"0,01",,,,,,,,,,46378,
P449,4662,original broadcaster'@en,"0,01",,,,,,,,,,96348,
P1445,4490,fictional universe described in'@en,"0,01",,,,,,,,,,4740,
P1317,4382,floruit'@en,"0,01",,,,,,,,,,51673,
P395,4296,licence plate code'@en,"0,01",,,,,,,,,,73740,
P286,4293,head coach'@en,"0,01",,,,,,,,,,54110,
P4224,4268,category contains'@en,"0,01",,,,,,,,,,831015,
P5519,4213,Cangjie input'@en,"0,01",,,,,,,,,,69627,
P3179,4206,territory overlaps'@en,"0,01",,,,,,,,,,8532,
P2559,4204,Wikidata usage instructions'@en,"0,01",,,,,,,,,,4695,
P2048,4162,height'@en,"0,01",,,,,,,,,,889872,
P598,4142,commander of (DEPRECATED)'@en,"0,01",,,,,,,,,,9974,
P1327,4129,partner in business or sport'@en,"0,01",,,,,,,,,,17816,
P706,4053,located in/on physical feature'@en,"0,01",,,,,,,,,,80488,
P2043,3952,length'@en,"0,01",,,,,,,,,,263736,
P1454,3944,legal form'@en,"0,01",,,,,,,,,,233681,
P945,3930,allegiance'@en,"0,01",,,,,,,,,,61317,
P1382,3876,partially coincident with'@en,"0,01",,,,,,,,,,18261,
P3342,3865,significant person'@en,"0,01",,,,,,,,,,16414,
P870,3838,instrumentation'@en,"0,01",,,,,,,,,,8034,
P2817,3799,appears in the heritage monument list'@en,"0,01",,,,,,,,,,270764,
P1073,3723,writable file format'@en,"0,01",,,,,,,,,,4516,
P509,3680,cause of death'@en,"0,01",,,,,,,,,,116224,
P277,3668,programming language'@en,"0,01",,,,,,,,,,12289,
P1302,3650,primary destinations'@en,"0,01",,,,,,,,,,3940,
P22,3617,father'@en,"0,01",,,,,,,,,,958162,
P103,3534,native language'@en,"0,01",,,,,,,,,,288996,
P689,3530,afflicts'@en,"0,01",,,,,,,,,,4208,
P6709,3493,Løøv classification'@en,"0,01",,,,,,,,,,9051,
P2047,3489,duration'@en,"0,01",,,,,,,,,,155346,
P1431,3418,executive producer'@en,"0,01",,,,,,,,,,8583,
P1535,3416,used by'@en,"0,01",,,,,,,,,,9904,
P53,3413,family'@en,"0,01",,,,,,,,,,90458,
P275,3318,copyright license'@en,"0,01",,,,,,,,,,43729,
P823,3301,speaker'@en,"0,01",,,,,,,,,,5337,
P681,3230,cell component'@en,"0,01",,,,,,,,,,899719,
P1995,3199,health specialty'@en,"0,01",,,,,,,,,,10263,
P629,3186,edition or translation of'@en,"0,01",,,,,,,,,,87685,
P2754,3120,production date'@en,"0,01",,,,,,,,,,60029,
P2386,3093,diameter'@en,"0,01",,,,,,,,,,27800,
P580,3085,start time'@en,"0,01",,,,,,,,,,650639,
P1195,3068,file extension'@en,"0,01",,,,,,,,,,13995,
P4608,3067,scenographer'@en,"0,01",,,,,,,,,,9886,
P119,3031,place of burial'@en,"0,01",,,,,,,,,,233721,
P3032,3031,adjacent building'@en,"0,01",,,,,,,,,,26867,
P3018,3025,located in protected area'@en,"0,01",,,,,,,,,,37286,
P2067,2992,mass'@en,"0,01",,,,,,,,,,342930,
P2094,2977,competition class'@en,"0,01",,,,,,,,,,214951,
P6275,2930,copyright representative'@en,"0,01",,,,,,,,,,81149,
P2293,2877,genetic association'@en,"0,01",,,,,,,,,,12579,
P1299,2809,depicted by'@en,"0,01",,,,,,,,,,11401,
P485,2772,archives at'@en,"0,01",,,,,,,,,,77825,
P417,2771,patron saint'@en,"0,01",,,,,,,,,,22484,
P968,2726,email address'@en,"0,01",,,,,,,,,,154178,
P8411,2685,set in environment'@en,"0,01",,,,,,,,,,16111,
P301,2682,category\'s main topic'@en,"0,01",,,,,,,,,,690384,
P2882,2679,relegated'@en,"0,01",,,,,,,,,,2898,
P189,2634,location of discovery'@en,"0,01",,,,,,,,,,26536,
P179,2589,part of the series'@en,"0,01",,,,,,,,,,750841,
P10290,2588,hotel rating'@en,"0,01",,,,,,,,,,90382,
P636,2560,route of administration'@en,"0,01",,,,,,,,,,2999,
P6802,2517,related image'@en,"0,01",,,,,,,,,,15093,
P520,2496,armament'@en,"0,01",,,,,,,,,,5615,
P177,2484,crosses'@en,"0,01",,,,,,,,,,24739,
P684,2465,ortholog'@en,"0,01",,,,,,,,,,4320909,
P21,2459,sex or gender'@en,"0,01",,,,,,,,,,8083032,
P1477,2445,birth name'@en,"0,01",,,,,,,,,,154122,
P451,2430,unmarried partner'@en,"0,01",,,,,,,,,,14280,
P412,2419,voice type'@en,"0,01",,,,,,,,,,34328,
P6364,2418,official color'@en,"0,01",,,,,,,,,,3147,
P2049,2399,width'@en,"0,01",,,,,,,,,,669364,
P2505,2391,carries'@en,"0,01",,,,,,,,,,13801,
P4628,2379,ICTV virus genome composition'@en,"0,01",,,,,,,,,,19726,
P2377,2342,MediaWiki hooks used'@en,"0,01",,,,,,,,,,2769,
P92,2296,main regulatory text'@en,"0,01",,,,,,,,,,9398,
P2572,2289,hashtag'@en,"0,01",,,,,,,,,,7499,
P1814,2274,name in kana'@en,"0,01",,,,,,,,,,201408,
P4330,2274,contains'@en,"0,01",,,,,,,,,,8369,
P803,2250,professorship'@en,"0,01",,,,,,,,,,12638,
P287,2192,designed by'@en,"0,01",,,,,,,,,,14607,
P3842,2186,located in present-day administrative territorial entity'@en,"0,01",,,,,,,,,,21449,
P7938,2180,associated electoral district'@en,"0,01",,,,,,,,,,63036,
P1680,2150,subtitle'@en,"0,01",,,,,,,,,,63911,
P582,2146,end time'@en,"0,01",,,,,,,,,,564031,
P658,2141,tracklist'@en,"0,01",,,,,,,,,,34520,
P1038,2140,relative'@en,"0,01",,,,,,,,,,53332,
P726,2124,candidate'@en,"0,01",,,,,,,,,,90394,
P9072,2119,derived from organism type'@en,"0,01",,,,,,,,,,137327,
P2758,2101,CNC film rating (France)'@en,"0,01",,,,,,,,,,20329,
P1451,2098,motto text'@en,"0,01",,,,,,,,,,10005,
P1268,2021,represents'@en,0,,,,,,,,,,5575,
P828,2016,has cause'@en,0,,,,,,,,,,9408,
P576,1981,"dissolved, abolished or demolished date'@en",0,,,,,,,,,,238720,
P1875,1970,represented by'@en,0,,,,,,,,,,8315,
P741,1948,playing hand'@en,0,,,,,,,,,,6317,
P5572,1888,expressed in'@en,0,,,,,,,,,,883176,
P2795,1885,directions'@en,0,,,,,,,,,,92195,
P931,1879,place served by transport hub'@en,0,,,,,,,,,,12245,
P1692,1819,ICD-9-CM'@en,0,,,,,,,,,,5287,
P110,1817,illustrator'@en,0,,,,,,,,,,13581,
P769,1812,significant drug interaction'@en,0,,,,,,,,,,1816,
P4873,1796,isoschizomer'@en,0,,,,,,,,,,1879,
P1080,1795,from narrative universe'@en,0,,,,,,,,,,32454,
P1801,1787,commemorative plaque image'@en,0,,,,,,,,,,20035,
P3301,1784,broadcast by'@en,0,,,,,,,,,,7581,
P3025,1772,open days'@en,0,,,,,,,,,,3905,
P7047,1762,enemy of'@en,0,,,,,,,,,,3892,
P2408,1758,set in period'@en,0,,,,,,,,,,7572,
P9047,1758,archaeological site of'@en,0,,,,,,,,,,5445,
P1442,1743,image of grave'@en,0,,,,,,,,,,54727,
P991,1706,successful candidate'@en,0,,,,,,,,,,23318,
P881,1702,type of variable star'@en,0,,,,,,,,,,330053,
P2499,1696,league level above'@en,0,,,,,,,,,,6590,
P3320,1683,board member'@en,0,,,,,,,,,,4851,
P941,1673,inspired by'@en,0,,,,,,,,,,6043,
P217,1657,inventory number'@en,0,,,,,,,,,,1161024,
P94,1642,coat of arms image'@en,0,,,,,,,,,,137350,
P4552,1640,mountain range'@en,0,,,,,,,,,,60822,
P87,1638,librettist'@en,0,,,,,,,,,,7386,
P6803,1633,taxon found at location'@en,0,,,,,,,,,,1783,
P411,1629,canonization status'@en,0,,,,,,,,,,11522,
P3780,1611,active ingredient in'@en,0,,,,,,,,,,2530,
P5061,1609,unit symbol'@en,0,,,,,,,,,,3390,
P8450,1577,peak bagging classification'@en,0,,,,,,,,,,1631,
P2500,1556,league level below'@en,0,,,,,,,,,,6573,
P488,1535,chairperson'@en,0,,,,,,,,,,31862,
P348,1512,software version identifier'@en,0,,,,,,,,,,271937,
P117,1507,chemical structure'@en,0,,,,,,,,,,17667,
P399,1507,companion of'@en,0,,,,,,,,,,4476,
P2579,1505,studied by'@en,0,,,,,,,,,,6223,
P1542,1499,has effect'@en,0,,,,,,,,,,5841,
P1629,1486,Wikidata item of this property'@en,0,,,,,,,,,,9947,
P1424,1448,topic\'s main template'@en,0,,,,,,,,,,21604,
P1027,1440,conferred by'@en,0,,,,,,,,,,15426,
P1531,1419,"parent of this hybrid, breed, or cultivar'@en",0,,,,,,,,,,1623,
P2515,1406,costume designer'@en,0,,,,,,,,,,12776,
P812,1388,academic major'@en,0,,,,,,,,,,2942,
P1456,1378,list of monuments'@en,0,,,,,,,,,,20213,
P2652,1372,partnership with'@en,0,,,,,,,,,,3421,
P4132,1372,linguistic typology'@en,0,,,,,,,,,,2264,
P469,1371,lake on river'@en,0,,,,,,,,,,3474,
P8047,1368,country of registry'@en,0,,,,,,,,,,68761,
P575,1366,time of discovery or invention'@en,0,,,,,,,,,,77514,
P3761,1364,IPv4 routing prefix'@en,0,,,,,,,,,,2351,
P1619,1329,date of official opening'@en,0,,,,,,,,,,132537,
P25,1327,mother'@en,0,,,,,,,,,,603918,
P3448,1323,stepparent'@en,0,,,,,,,,,,5734,
P398,1323,child astronomical body'@en,0,,,,,,,,,,8772,
P41,1278,flag image'@en,0,,,,,,,,,,46428,
P3095,1250,practiced by'@en,0,,,,,,,,,,4925,
P2360,1249,intended public'@en,0,,,,,,,,,,7939,
P2442,1235,conversion to standard unit'@en,0,,,,,,,,,,1930,
P655,1229,translator'@en,0,,,,,,,,,,17524,
P611,1213,religious order'@en,0,,,,,,,,,,33985,
P425,1210,field of this occupation'@en,0,,,,,,,,,,5867,
P3364,1178,stereoisomer of'@en,0,,,,,,,,,,2019,
P1809,1175,choreographer'@en,0,,,,,,,,,,4217,
P4837,1166,has command line option'@en,0,,,,,,,,,,1221,
P6942,1153,animator'@en,0,,,,,,,,,,4161,
P2959,1149,permanent duplicated item'@en,0,,,,,,,,,,14385,
P8371,1149,"references work, tradition or theory'@en",0,,,,,,,,,,1570,
P6872,1146,has written for'@en,0,,,,,,,,,,3497,
P1399,1144,convicted of'@en,0,,,,,,,,,,10581,
P511,1144,honorific prefix'@en,0,,,,,,,,,,52472,
P304,1134,page(s)'@en,0,,,,,,,,,,177437,
P1672,1133,this taxon is source of'@en,0,,,,,,,,,,2417,
P1671,1107,route number'@en,0,,,,,,,,,,9962,
P4614,1107,drainage basin'@en,0,,,,,,,,,,79971,
P3966,1102,programming paradigm'@en,0,,,,,,,,,,1469,
P1196,1089,manner of death'@en,0,,,,,,,,,,101002,
P1325,1061,external data available at'@en,0,,,,,,,,,,25387,
P1652,1060,referee'@en,0,,,,,,,,,,20012,
P833,1056,interchange station'@en,0,,,,,,,,,,4032,
P516,1055,powered by'@en,0,,,,,,,,,,11206,
P51,1051,audio'@en,0,,,,,,,,,,7949,
P967,1051,guest of honor'@en,0,,,,,,,,,,1315,
P3919,1048,contributed to creative work'@en,0,,,,,,,,,,4364,
P2436,1047,voltage'@en,0,,,,,,,,,,2310,
P36,1043,capital'@en,0,,,,,,,,,,115764,
P1754,1034,category related to list'@en,0,,,,,,,,,,50862,
P5775,1033,image of interior'@en,0,,,,,,,,,,20440,
P2596,1029,culture'@en,0,,,,,,,,,,10130,
P2881,1026,promoted'@en,0,,,,,,,,,,1234,
P3793,1020,IPv6 routing prefix'@en,0,,,,,,,,,,2751,
P2045,1017,orbital inclination'@en,0,,,,,,,,,,47108,
P1083,1005,maximum capacity'@en,0,,,,,,,,,,25021,
P3158,1001,enclosure'@en,0,,,,,,,,,,1032,
P3716,999,social classification'@en,0,,,,,,,,,,12053,
P1971,997,number of children'@en,0,,,,,,,,,,38992,
P2635,996,number of parts of this work'@en,0,,,,,,,,,,48276,
P1748,988,NCI Thesaurus ID'@en,0,,,,,,,,,,12259,
P1037,985,director / manager'@en,0,,,,,,,,,,16759,
P5026,985,lighting designer'@en,0,,,,,,,,,,5185,
P2578,978,studies'@en,0,,,,,,,,,,1991,
P4777,975,has boundary'@en,0,,,,,,,,,,1160,
P393,974,edition number'@en,0,,,,,,,,,,107618,
P7959,947,historic county'@en,0,,,,,,,,,,789732,
P5028,945,sound designer'@en,0,,,,,,,,,,3333,
P5323,944,attested in'@en,0,,,,,,,,,,118445,
P1595,934,charge'@en,0,,,,,,,,,,4556,
P15,928,route map'@en,0,,,,,,,,,,24220,
P1591,928,defendant'@en,0,,,,,,,,,,6035,
P1877,912,after a work by'@en,0,,,,,,,,,,12436,
P2699,899,URL'@en,0,,,,,,,,,,8987,
P225,895,taxon name'@en,0,,,,,,,,,,3603018,
P1321,891,place of origin (Switzerland)'@en,0,,,,,,,,,,2835,
P3489,876,pregnancy category'@en,0,,,,,,,,,,1546,
P10241,873,is an individual of taxon'@en,0,,,,,,,,,,11522,
P487,864,Unicode character'@en,0,,,,,,,,,,158921,
P2444,858,homoglyph'@en,0,,,,,,,,,,1752,
P1290,856,godparent'@en,0,,,,,,,,,,1475,
P88,852,commissioned by'@en,0,,,,,,,,,,23645,
P1128,849,employees'@en,0,,,,,,,,,,99061,
P1868,838,ballots cast'@en,0,,,,,,,,,,22462,
P1716,837,brand'@en,0,,,,,,,,,,15523,
P923,837,medical examination'@en,0,,,,,,,,,,1008,
P2101,830,melting point'@en,0,,,,,,,,,,31699,
P1423,823,template has topic'@en,0,,,,,,,,,,22057,
P3438,812,vehicle normally used'@en,0,,,,,,,,,,2900,
P6568,801,inscription mentions'@en,0,,,,,,,,,,1783,
P10,793,video'@en,0,,,,,,,,,,9001,
P450,777,astronaut mission'@en,0,,,,,,,,,,1845,
P2196,776,students count'@en,0,,,,,,,,,,70825,
P1640,767,curator'@en,0,,,,,,,,,,1707,
P1387,760,political alignment'@en,0,,,,,,,,,,4294,
P854,758,reference URL'@en,0,,,,,,,,,,2161,
P205,756,basin country'@en,0,,,,,,,,,,17713,
P5166,751,established from medical condition'@en,0,,,,,,,,,,62114,
P199,729,business division'@en,0,,,,,,,,,,1748,
P1029,727,crew member(s)'@en,0,,,,,,,,,,2998,
P2554,727,production designer'@en,0,,,,,,,,,,13747,
P6,727,head of government'@en,0,,,,,,,,,,38273,
P6241,727,collection creator'@en,0,,,,,,,,,,6303,
P5044,722,number of spoilt votes'@en,0,,,,,,,,,,19806,
P4810,721,reads environment variable'@en,0,,,,,,,,,,723,
P1697,718,total valid votes'@en,0,,,,,,,,,,21579,
P879,716,pennant number'@en,0,,,,,,,,,,3303,
P1533,712,family name identical to this given name'@en,0,,,,,,,,,,19437,
P8966,707,URL match pattern'@en,0,,,,,,,,,,5180,
P403,702,mouth of the watercourse'@en,0,,,,,,,,,,110386,
P6104,700,maintained by WikiProject'@en,0,,,,,,,,,,36827,
P1308,694,officeholder'@en,0,,,,,,,,,,17797,
P2012,692,cuisine'@en,0,,,,,,,,,,2420,
P1884,690,hair color'@en,0,,,,,,,,,,12181,
P2389,687,organization directed by the office or position'@en,0,,,,,,,,,,13587,
P8413,679,academic appointment'@en,0,,,,,,,,,,3454,
P6086,673,dramaturge'@en,0,,,,,,,,,,3261,
P14,670,traffic sign'@en,0,,,,,,,,,,20257,
P3306,657,ICAA rating'@en,0,,,,,,,,,,4165,
P1896,655,source website for the property'@en,0,,,,,,,,,,6776,
P1240,654,Danish Bibliometric Research Indicator level'@en,0,,,,,,,,,,17728,
P5869,646,model item'@en,0,,,,,,,,,,1070,
P115,641,home venue'@en,0,,,,,,,,,,44243,
P2440,641,transliteration'@en,0,,,,,,,,,,22050,
P8045,635,organized response related to outbreak'@en,0,,,,,,,,,,731,
P7973,632,quantity symbol (LaTeX)'@en,0,,,,,,,,,,1858,
P6216,631,copyright status'@en,0,,,,,,,,,,1580247,
P1482,628,Stack Exchange tag'@en,0,,,,,,,,,,3967,
P1064,626,track gauge'@en,0,,,,,,,,,,24630,
P2825,626,via'@en,0,,,,,,,,,,874,
P7078,626,typing discipline'@en,0,,,,,,,,,,774,
P5804,621,has program committee member'@en,0,,,,,,,,,,641,
P8138,620,located in the statistical territorial entity'@en,0,,,,,,,,,,32256,
P113,615,airline hub'@en,0,,,,,,,,,,3155,
P5202,615,adapted by'@en,0,,,,,,,,,,2809,
P2109,611,installed capacity'@en,0,,,,,,,,,,12154,
P7137,609,acknowledged'@en,0,,,,,,,,,,792,
P122,606,basic form of government'@en,0,,,,,,,,,,2175,
P3828,603,wears'@en,0,,,,,,,,,,1931,
P642,601,of'@en,0,,,,,,,,,,5074,
P4131,600,annual energy output'@en,0,,,,,,,,,,2029,
P5555,590,schematic'@en,0,,,,,,,,,,5231,
P740,590,location of formation'@en,0,,,,,,,,,,44816,
P2695,578,type locality (geology)'@en,0,,,,,,,,,,4887,
P8701,578,has census'@en,0,,,,,,,,,,596,
P942,572,theme music'@en,0,,,,,,,,,,3995,
P751,570,introduced feature'@en,0,,,,,,,,,,818,
P8111,570,recommended unit of measurement'@en,0,,,,,,,,,,1162,
P1191,567,date of first performance'@en,0,,,,,,,,,,56901,
P7707,566,PlayStation DataCenter URL'@en,0,,,,,,,,,,882,
P8706,560,ritual object'@en,0,,,,,,,,,,631,
P6087,559,coach of sports team'@en,0,,,,,,,,,,12028,
P841,557,feast day'@en,0,,,,,,,,,,8793,
P467,556,legislated by'@en,0,,,,,,,,,,46762,
P2031,553,work period (start)'@en,0,,,,,,,,,,294038,
P6977,553,review of'@en,0,,,,,,,,,,3256,
P1049,550,worshipped by'@en,0,,,,,,,,,,2410,
P972,546,catalog'@en,0,,,,,,,,,,69183,
P111,542,measured physical quantity'@en,0,,,,,,,,,,3620,
P9161,541,thesis committee member'@en,0,,,,,,,,,,9725,
P2925,534,domain of saint or deity'@en,0,,,,,,,,,,887,
P1163,527,media type'@en,0,,,,,,,,,,8082,
P1582,526,natural product of taxon'@en,0,,,,,,,,,,2604,
P3712,523,objective of project or action'@en,0,,,,,,,,,,1666,
P3091,518,mount'@en,0,,,,,,,,,,757,
P736,515,cover art by'@en,0,,,,,,,,,,6787,
P109,514,signature'@en,0,,,,,,,,,,27724,
P924,512,possible treatment'@en,0,,,,,,,,,,694,
P8324,510,funder'@en,0,,,,,,,,,,1949,
P1630,509,formatter URL'@en,0,,,,,,,,,,8375,
P1282,503,OpenStreetMap tag or key'@en,0,,,,,,,,,,3261,
P1444,503,destination point'@en,0,,,,,,,,,,25806,
P193,499,main building contractor'@en,0,,,,,,,,,,2977,
P533,498,target'@en,0,,,,,,,,,,1514,
P289,496,vessel class'@en,0,,,,,,,,,,13510,
P739,495,ammunition'@en,0,,,,,,,,,,2545,
P837,492,day in year for periodic occurrence'@en,0,,,,,,,,,,3894,
P3300,490,musical conductor'@en,0,,,,,,,,,,3693,
P3989,488,members have occupation'@en,0,,,,,,,,,,1857,
P2388,482,office held by head of the organization'@en,0,,,,,,,,,,13340,
P2853,481,electrical plug type'@en,0,,,,,,,,,,531,
P3432,478,parent cell line'@en,0,,,,,,,,,,45403,
P8127,478,tournament format'@en,0,,,,,,,,,,1876,
P1455,470,list of works'@en,0,,,,,,,,,,1297,
P30,470,continent'@en,0,,,,,,,,,,83735,
P4441,470,hydraulic head'@en,0,,,,,,,,,,1481,
P1065,469,archive URL'@en,0,,,,,,,,,,2076,
P729,466,service entry'@en,0,,,,,,,,,,78992,
P38,459,currency'@en,0,,,,,,,,,,2107,
P5880,457,video designer'@en,0,,,,,,,,,,1229,
P1427,454,start point'@en,0,,,,,,,,,,32060,
P5096,452,member of the crew of'@en,0,,,,,,,,,,1415,
P129,451,physically interacts with'@en,0,,,,,,,,,,9484,
P406,451,soundtrack release'@en,0,,,,,,,,,,1667,
P2441,450,literal translation'@en,0,,,,,,,,,,1271,
P461,450,opposite of'@en,0,,,,,,,,,,24473,
P807,449,separated from'@en,0,,,,,,,,,,2357,
P1635,443,religious name'@en,0,,,,,,,,,,1225,
P7984,439,depicted format'@en,0,,,,,,,,,,923,
P1336,437,territory claimed by'@en,0,,,,,,,,,,1099,
P2562,436,married name'@en,0,,,,,,,,,,4212,
P414,435,stock exchange'@en,0,,,,,,,,,,13410,
P3610,433,fare zone'@en,0,,,,,,,,,,5165,
P1120,427,number of deaths'@en,0,,,,,,,,,,115701,
P2974,426,habitat'@en,0,,,,,,,,,,1000,
P8289,424,parish church'@en,0,,,,,,,,,,7322,
P274,418,chemical formula'@en,0,,,,,,,,,,1045678,
P6885,417,historical region'@en,0,,,,,,,,,,15043,
P6553,416,personal pronoun'@en,0,,,,,,,,,,3903,
P10661,415,exhibited creator'@en,0,,,,,,,,,,797,
P10254,412,associated cadastral district'@en,0,,,,,,,,,,57313,
P1628,408,equivalent property'@en,0,,,,,,,,,,652,
P4908,407,season'@en,0,,,,,,,,,,65428,
P1951,405,investor'@en,0,,,,,,,,,,6307,
P1709,402,equivalent class'@en,0,,,,,,,,,,1344,
P4863,400,recognition sequence'@en,0,,,,,,,,,,1572,
P832,397,public holiday'@en,0,,,,,,,,,,1480,
P6507,394,taxon author citation'@en,0,,,,,,,,,,53912,
P1411,392,nominated for'@en,0,,,,,,,,,,68941,
P1605,390,has natural reservoir'@en,0,,,,,,,,,,441,
P885,390,origin of the watercourse'@en,0,,,,,,,,,,13476,
P1621,388,detail map'@en,0,,,,,,,,,,5783,
P5025,386,gens'@en,0,,,,,,,,,,6258,
P4151,383,game mechanics'@en,0,,,,,,,,,,1777,
P708,383,diocese'@en,0,,,,,,,,,,142207,
P1019,382,web feed URL'@en,0,,,,,,,,,,5705,
P618,382,source of energy'@en,0,,,,,,,,,,6187,
P814,381,IUCN protected areas category'@en,0,,,,,,,,,,79495,
P5353,378,school district'@en,0,,,,,,,,,,9779,
P1560,374,given name version for other gender'@en,0,,,,,,,,,,3688,
P2284,367,price'@en,0,,,,,,,,,,3408,
P3075,365,official religion'@en,0,,,,,,,,,,855,
P756,365,removed feature'@en,0,,,,,,,,,,369,
P2534,360,defining formula'@en,0,,,,,,,,,,5600,
P8670,359,character designer'@en,0,,,,,,,,,,1848,
P3173,356,offers view on'@en,0,,,,,,,,,,932,
P930,355,type of electrification'@en,0,,,,,,,,,,5273,
P2262,351,draft'@en,0,,,,,,,,,,18248,
P898,351,IPA transcription'@en,0,,,,,,,,,,5991,
P2598,350,serial number'@en,0,,,,,,,,,,3807,
P4915,349,isocaudomer'@en,0,,,,,,,,,,354,
P2317,348,call sign'@en,0,,,,,,,,,,31817,
P5769,348,editor-in-chief'@en,0,,,,,,,,,,2425,
P2660,347,topographic prominence'@en,0,,,,,,,,,,13757,
P1479,344,has contributing factor'@en,0,,,,,,,,,,594,
P181,342,taxon range map image'@en,0,,,,,,,,,,18782,
P2989,336,has grammatical case'@en,0,,,,,,,,,,433,
P530,336,diplomatic relation'@en,0,,,,,,,,,,7037,
P7153,329,significant place'@en,0,,,,,,,,,,9165,
P6108,325,IIIF manifest'@en,0,,,,,,,,,,194021,
P1132,324,number of participants'@en,0,,,,,,,,,,425505,
P1618,324,sport number'@en,0,,,,,,,,,,25602,
P2144,323,frequency'@en,0,,,,,,,,,,4024,
P8989,323,category for the view of the item'@en,0,,,,,,,,,,8453,
P1414,320,GUI toolkit or framework'@en,0,,,,,,,,,,1502,
P2922,315,month of the year'@en,0,,,,,,,,,,4607,
P4856,315,conscription number'@en,0,,,,,,,,,,25875,
P2935,313,connector'@en,0,,,,,,,,,,794,
P797,313,authority'@en,0,,,,,,,,,,9174,
P8032,309,victim'@en,0,,,,,,,,,,931,
P927,307,anatomical location'@en,0,,,,,,,,,,3345,
P465,303,sRGB color hex triplet'@en,0,,,,,,,,,,9432,
P5460,301,grants'@en,0,,,,,,,,,,737,
P7779,299,military unit'@en,0,,,,,,,,,,2821,
P1713,298,biography at the Bundestag of Germany URL'@en,0,,,,,,,,,,1999,
P2145,298,explosive energy equivalent'@en,0,,,,,,,,,,2251,
P4428,298,implementation of'@en,0,,,,,,,,,,720,
P233,296,canonical SMILES'@en,0,,,,,,,,,,881271,
P3457,294,case fatality rate'@en,0,,,,,,,,,,2569,
P408,293,software engine'@en,0,,,,,,,,,,9901,
P6112,291,category for members of a team'@en,0,,,,,,,,,,16946,
P105,290,taxon rank'@en,0,,,,,,,,,,3599875,
P6962,287,narrative motif'@en,0,,,,,,,,,,6298,
P9215,287,set during recurring event'@en,0,,,,,,,,,,3820,
P5778,286,Cooperative Patent Classification code'@en,0,,,,,,,,,,882,
P2743,284,this zoological name is coordinate with'@en,0,,,,,,,,,,2530,
P9071,278,character type'@en,0,,,,,,,,,,3191,
P5052,270,supervisory board member'@en,0,,,,,,,,,,792,
P8345,268,media franchise'@en,0,,,,,,,,,,31009,
P1340,267,eye color'@en,0,,,,,,,,,,10349,
P790,263,approved by'@en,0,,,,,,,,,,29092,
P1057,262,chromosome'@en,0,,,,,,,,,,618719,
P1598,261,consecrator'@en,0,,,,,,,,,,85111,
P4043,260,emulates'@en,0,,,,,,,,,,345,
P1204,257,Wikimedia portal\'s main topic'@en,0,,,,,,,,,,2031,
P6251,257,catchphrase'@en,0,,,,,,,,,,1033,
P3262,256,has anatomical branch'@en,0,,,,,,,,,,307,
P8031,256,perpetrator'@en,0,,,,,,,,,,842,
P4791,254,commanded by'@en,0,,,,,,,,,,3720,
P6902,254,era name'@en,0,,,,,,,,,,345,
P1068,253,instruction set'@en,0,,,,,,,,,,449,
P868,252,foods traditionally associated'@en,0,,,,,,,,,,402,
P2701,249,file format'@en,0,,,,,,,,,,563,
P1174,247,visitors per year'@en,0,,,,,,,,,,55154,
P1753,246,list related to category'@en,0,,,,,,,,,,51024,
P2275,246,World Health Organisation  international non-proprietary name'@en,0,,,,,,,,,,2541,
P2900,246,fax number'@en,0,,,,,,,,,,26395,
P4004,243,escutcheon image'@en,0,,,,,,,,,,1195,
P478,240,volume'@en,0,,,,,,,,,,157132,
P3729,238,next lower rank'@en,0,,,,,,,,,,3956,
P517,238,interaction'@en,0,,,,,,,,,,291,
P6800,238,sequenced genome URL'@en,0,,,,,,,,,,949,
P201,234,lake outflow'@en,0,,,,,,,,,,9422,
P613,234,OS grid reference'@en,0,,,,,,,,,,414846,
P2139,233,total revenue'@en,0,,,,,,,,,,54380,
P4510,233,describes a project that uses'@en,0,,,,,,,,,,1020,
P1538,232,number of households'@en,0,,,,,,,,,,247745,
P1603,232,number of cases'@en,0,,,,,,,,,,123727,
P2512,232,series spin-off'@en,0,,,,,,,,,,532,
P4875,231,neoschizomer'@en,0,,,,,,,,,,262,
P7936,231,business model'@en,0,,,,,,,,,,2379,
P2263,230,ISOCAT id'@en,0,,,,,,,,,,632,
P59,230,constellation'@en,0,,,,,,,,,,7371268,
P3730,229,next higher rank'@en,0,,,,,,,,,,4121,
P2146,226,orbital period'@en,0,,,,,,,,,,45050,
P415,226,radio format'@en,0,,,,,,,,,,3614,
P3190,223,innervates'@en,0,,,,,,,,,,289,
P9376,222,law digest'@en,0,,,,,,,,,,7048,
P169,221,chief executive officer'@en,0,,,,,,,,,,5611,
P6185,221,tautomer of'@en,0,,,,,,,,,,1065,
P765,220,surface played on'@en,0,,,,,,,,,,4042,
P2913,219,date depicted'@en,0,,,,,,,,,,679,
P3026,218,closed on'@en,0,,,,,,,,,,321,
P6166,218,quotes work'@en,0,,,,,,,,,,376,
P5196,216,output method'@en,0,,,,,,,,,,305,
P1574,215,exemplar of'@en,0,,,,,,,,,,1748,
P532,212,port of registry'@en,0,,,,,,,,,,25685,
P6801,212,number of hospital beds'@en,0,,,,,,,,,,8328,
P1557,210,manifestation of'@en,0,,,,,,,,,,2131,
P483,209,recorded at studio or venue'@en,0,,,,,,,,,,5525,
P5817,209,state of use'@en,0,,,,,,,,,,72979,
P9788,207,performed at'@en,0,,,,,,,,,,320,
P8359,204,Dewey Decimal Classification (works and editions)'@en,0,,,,,,,,,,8679,
P2032,202,work period (end)'@en,0,,,,,,,,,,41807,
P2438,202,narrator'@en,0,,,,,,,,,,2316,
P3999,202,date of official closure'@en,0,,,,,,,,,,26302,
P3113,200,does not have part'@en,0,,,,,,,,,,512,
P10150,199,iTunes genre'@en,0,,,,,,,,,,314,
P2910,198,icon'@en,0,,,,,,,,,,2822,
P3303,198,third-party formatter URL'@en,0,,,,,,,,,,683,
P834,198,train depot'@en,0,,,,,,,,,,695,
P4896,197,3D model'@en,0,,,,,,,,,,1048,
P9652,195,personality trait of fictional character'@en,0,,,,,,,,,,300,
P531,191,diplomatic mission sent'@en,0,,,,,,,,,,1725,
P880,191,CPU'@en,0,,,,,,,,,,2183,
P1766,190,place name sign'@en,0,,,,,,,,,,31037,
P157,189,killed by'@en,0,,,,,,,,,,3484,
P1846,189,distribution map'@en,0,,,,,,,,,,1362,
P91,189,sexual orientation'@en,0,,,,,,,,,,4285,
P1840,188,investigated by'@en,0,,,,,,,,,,585,
P1922,188,first line'@en,0,,,,,,,,,,44658,
P3985,188,supports programming language'@en,0,,,,,,,,,,228,
P2813,187,house publication'@en,0,,,,,,,,,,1143,
P1593,185,defender'@en,0,,,,,,,,,,283,
P1093,184,gross tonnage'@en,0,,,,,,,,,,41271,
P2848,183,Wi-Fi access'@en,0,,,,,,,,,,4529,
P8839,182,hairstyle'@en,0,,,,,,,,,,637,
P1408,179,licensed to broadcast to'@en,0,,,,,,,,,,16697,
P2017,179,isomeric SMILES'@en,0,,,,,,,,,,359811,
P1060,178,disease transmission process'@en,0,,,,,,,,,,318,
P3310,178,muscle action'@en,0,,,,,,,,,,255,
P1638,177,working title'@en,0,,,,,,,,,,790,
P3931,177,copyright holder'@en,0,,,,,,,,,,3223,
P4647,177,location of first performance'@en,0,,,,,,,,,,18330,
P3174,176,art director'@en,0,,,,,,,,,,1275,
P2184,175,history of topic'@en,0,,,,,,,,,,2179,
P3559,173,maximum size or capacity'@en,0,,,,,,,,,,238,
P963,173,streaming media URL'@en,0,,,,,,,,,,1285,
P1113,170,number of episodes'@en,0,,,,,,,,,,61888,
P4970,169,alternative name'@en,0,,,,,,,,,,567,
P690,169,space group'@en,0,,,,,,,,,,2241,
P1576,168,lifestyle'@en,0,,,,,,,,,,1314,
P1581,167,official blog'@en,0,,,,,,,,,,7232,
P4185,167,iconographic symbol'@en,0,,,,,,,,,,230,
P1121,166,oxidation state'@en,0,,,,,,,,,,174,
P1592,163,prosecutor'@en,0,,,,,,,,,,424,
P2550,163,recording or performance of'@en,0,,,,,,,,,,15229,
P5422,163,has pattern'@en,0,,,,,,,,,,412,
P1249,162,time of earliest written record'@en,0,,,,,,,,,,30321,
P1881,162,list of characters'@en,0,,,,,,,,,,889,
P8517,162,view'@en,0,,,,,,,,,,1408,
P1545,161,series ordinal'@en,0,,,,,,,,,,32178,
P4543,161,has listed ingredient'@en,0,,,,,,,,,,624,
P66,161,ancestral home'@en,0,,,,,,,,,,1853,
P2679,160,author of foreword'@en,0,,,,,,,,,,1470,
P2928,160,memory capacity'@en,0,,,,,,,,,,559,
P3085,160,qualifies for event'@en,0,,,,,,,,,,2908,
P2802,159,fleet or registration number'@en,0,,,,,,,,,,7305,
P826,159,tonality'@en,0,,,,,,,,,,5056,
P2050,157,wingspan'@en,0,,,,,,,,,,2731,
P1462,156,standards body'@en,0,,,,,,,,,,2817,
P8533,156,SMARTS notation'@en,0,,,,,,,,,,843,
P9969,155,catalogue raisonné'@en,0,,,,,,,,,,228,
P1030,154,light characteristic'@en,0,,,,,,,,,,8113,
P3228,153,Schläfli symbol'@en,0,,,,,,,,,,262,
P4565,153,electoral district number'@en,0,,,,,,,,,,5310,
P2700,151,protocol'@en,0,,,,,,,,,,234,
P1957,150,Wikisource index page URL'@en,0,,,,,,,,,,10239,
P4345,150,director of archaeological fieldwork'@en,0,,,,,,,,,,552,
P1876,149,vehicle'@en,0,,,,,,,,,,855,
P433,149,issue'@en,0,,,,,,,,,,119330,
P443,149,pronunciation audio'@en,0,,,,,,,,,,75467,
P1202,148,carries scientific instrument'@en,0,,,,,,,,,,204,
P1434,148,takes place in fictional universe'@en,0,,,,,,,,,,17106,
P2233,147,semi-major axis of an orbit'@en,0,,,,,,,,,,43397,
P1103,146,number of platform tracks'@en,0,,,,,,,,,,28692,
P2114,146,half-life'@en,0,,,,,,,,,,3658,
P1034,145,main food source'@en,0,,,,,,,,,,327,
P631,145,structural engineer'@en,0,,,,,,,,,,1784,
P1075,143,rector'@en,0,,,,,,,,,,1978,
P2770,143,source of income'@en,0,,,,,,,,,,502,
P9302,143,script style'@en,0,,,,,,,,,,353,
P207,142,bathymetry image'@en,0,,,,,,,,,,749,
P4792,142,dam'@en,0,,,,,,,,,,3158,
P4291,140,panoramic view'@en,0,,,,,,,,,,2468,
P8592,140,aerial view'@en,0,,,,,,,,,,2220,
P1824,139,road number'@en,0,,,,,,,,,,40264,
P6758,139,supported sports team'@en,0,,,,,,,,,,756,
P158,138,seal image'@en,0,,,,,,,,,,6898,
P2872,137,visitor centre'@en,0,,,,,,,,,,555,
P3424,134,Polish cultural heritage register number'@en,0,,,,,,,,,,69534,
P4805,134,make-up artist'@en,0,,,,,,,,,,562,
P1401,133,bug tracking system'@en,0,,,,,,,,,,1671,
P5004,133,in opposition to'@en,0,,,,,,,,,,476,
P2261,132,beam'@en,0,,,,,,,,,,11362,
P3189,132,innervated by'@en,0,,,,,,,,,,296,
P2009,131,Exif model'@en,0,,,,,,,,,,1127,
P2120,131,radius'@en,0,,,,,,,,,,10274,
P1950,130,second family name in Spanish name'@en,0,,,,,,,,,,45451,
P2895,130,maximum sustained winds'@en,0,,,,,,,,,,2792,
P2078,128,user manual URL'@en,0,,,,,,,,,,1554,
P263,128,official residence'@en,0,,,,,,,,,,2008,
P5715,128,Academia.edu profile URL'@en,0,,,,,,,,,,8865,
P8001,128,endorsed by'@en,0,,,,,,,,,,200,
P878,128,avionics'@en,0,,,,,,,,,,168,
P2053,127,watershed area'@en,0,,,,,,,,,,27945,
P5109,126,has grammatical gender'@en,0,,,,,,,,,,133,
P8956,126,compatible with'@en,0,,,,,,,,,,240,
P3777,125,antisense inhibitor of'@en,0,,,,,,,,,,143,
P9279,125,Egapro gender equality index'@en,0,,,,,,,,,,1491,
P2962,124,title of chess person'@en,0,,,,,,,,,,31278,
P8570,124,front and back matter'@en,0,,,,,,,,,,396,
P5607,123,located in the ecclesiastical territorial entity'@en,0,,,,,,,,,,60276,
P9192,123,sensors'@en,0,,,,,,,,,,189,
P2737,122,union of'@en,0,,,,,,,,,,383,
P35,122,head of state'@en,0,,,,,,,,,,1991,
P4032,120,reviewed by'@en,0,,,,,,,,,,218,
P4675,120,appears in the form of'@en,0,,,,,,,,,,383,
P2365,118,Roman cognomen'@en,0,,,,,,,,,,3907,
P2923,116,focal height'@en,0,,,,,,,,,,6691,
P2052,115,speed'@en,0,,,,,,,,,,12306,
P1026,114,academic thesis'@en,0,,,,,,,,,,19504,
P10568,114,maintains linking to'@en,0,,,,,,,,,,124,
P1661,114,Alexa rank'@en,0,,,,,,,,,,4086,
P2937,114,parliamentary term'@en,0,,,,,,,,,,6386,
P3450,114,sports season of league or competition'@en,0,,,,,,,,,,81904,
P9714,114,taxon range'@en,0,,,,,,,,,,143,
P2359,113,Roman nomen gentilicium'@en,0,,,,,,,,,,6534,
P5816,113,state of conservation'@en,0,,,,,,,,,,33228,
P1987,111,MCN code'@en,0,,,,,,,,,,781,
P3403,111,coextensive with'@en,0,,,,,,,,,,4164,
P5042,111,GHS precautionary statement'@en,0,,,,,,,,,,111,
P8329,111,principal investigator'@en,0,,,,,,,,,,3100,
P8546,111,recording location'@en,0,,,,,,,,,,347,
P1092,110,total produced'@en,0,,,,,,,,,,14127,
P2540,109,Aarne–Thompson–Uther Tale Type Index'@en,0,,,,,,,,,,583,
P7163,109,typically sells'@en,0,,,,,,,,,,306,
P8933,108,category for the view from the item'@en,0,,,,,,,,,,6968,
P1810,106,subject named as'@en,0,,,,,,,,,,381,
P8361,106,Universal Decimal Classification (works and editions)'@en,0,,,,,,,,,,921,
P1625,105,has melody'@en,0,,,,,,,,,,2156,
P3451,105,nighttime view'@en,0,,,,,,,,,,5405,
P2151,104,focal length'@en,0,,,,,,,,,,402,
P2378,104,issued by'@en,0,,,,,,,,,,1881,
P5949,104,Unicode range'@en,0,,,,,,,,,,597,
P624,103,guidance system'@en,0,,,,,,,,,,248,
P2358,102,Roman praenomen'@en,0,,,,,,,,,,5058,
P8505,102,traffic sign template image'@en,0,,,,,,,,,,277,
P1398,100,structure replaces'@en,0,,,,,,,,,,1541,
P2587,99,has phoneme'@en,0,,,,,,,,,,99,
P521,98,scheduled service destination'@en,0,,,,,,,,,,1730,
P6532,98,has phenotype'@en,0,,,,,,,,,,166,
P1046,97,discovery method'@en,0,,,,,,,,,,4228,
P1596,97,penalty'@en,0,,,,,,,,,,1931,
P3275,97,storyboard artist'@en,0,,,,,,,,,,707,
P542,97,officially opened by'@en,0,,,,,,,,,,1073,
P2852,96,emergency phone number'@en,0,,,,,,,,,,628,
P7081,95,quotation or excerpt'@en,0,,,,,,,,,,684,
P8360,95,Library of Congress Classification (works and editions)'@en,0,,,,,,,,,,2792,
P2061,93,aspect ratio (W:H)'@en,0,,,,,,,,,,37729,
P2248,93,argument of periapsis'@en,0,,,,,,,,,,45782,
P3082,93,destroyed'@en,0,,,,,,,,,,287,
P5642,93,risk factor'@en,0,,,,,,,,,,199,
P5249,92,sports competition competed at'@en,0,,,,,,,,,,764,
P1613,91,IRC channel'@en,0,,,,,,,,,,694,
P2547,91,perimeter'@en,0,,,,,,,,,,53051,
P4354,91,search formatter URL'@en,0,,,,,,,,,,1938,
P504,91,home port'@en,0,,,,,,,,,,5876,
P5072,91,presented in'@en,0,,,,,,,,,,822,
P2244,90,periapsis'@en,0,,,,,,,,,,40739,
P2325,90,mean anomaly'@en,0,,,,,,,,,,44738,
P1324,89,source code repository'@en,0,,,,,,,,,,16603,
P2517,89,category for recipients of this award'@en,0,,,,,,,,,,6391,
P358,89,discography'@en,0,,,,,,,,,,12070,
P1464,88,category for people born here'@en,0,,,,,,,,,,39298,
P2213,88,longitude of ascending node'@en,0,,,,,,,,,,44784,
P1101,87,floors above ground'@en,0,,,,,,,,,,14124,
P1419,87,shape'@en,0,,,,,,,,,,1956,
P1880,87,measurement scale'@en,0,,,,,,,,,,182,
P811,87,academic minor'@en,0,,,,,,,,,,102,
P3437,86,people or cargo transported'@en,0,,,,,,,,,,226,
P3461,86,designated as terrorist by'@en,0,,,,,,,,,,242,
P5132,86,suggests the existence of'@en,0,,,,,,,,,,234,
P552,86,handedness'@en,0,,,,,,,,,,2289,
P694,86,replaced synonym (for nom. nov.)'@en,0,,,,,,,,,,1301,
P1537,85,contributing factor of'@en,0,,,,,,,,,,329,
P7084,85,related category'@en,0,,,,,,,,,,16320,
P2357,84,Classification of Instructional Programs code'@en,0,,,,,,,,,,195,
P4000,84,has fruit type'@en,0,,,,,,,,,,3039,
P4640,84,photosphere image'@en,0,,,,,,,,,,578,
P5707,84,samples from work'@en,0,,,,,,,,,,166,
P579,84,IMA status and/or rank'@en,0,,,,,,,,,,6385,
P7160,84,manner of inhumane treatment'@en,0,,,,,,,,,,144,
P9759,84,bridge number'@en,0,,,,,,,,,,2261,
P2243,83,apoapsis'@en,0,,,,,,,,,,40741,
P2979,83,maritime identification digits'@en,0,,,,,,,,,,296,
P4900,83,broader concept'@en,0,,,,,,,,,,150,
P943,83,programmer'@en,0,,,,,,,,,,390,
P1588,82,Statistics Indonesia area code'@en,0,,,,,,,,,,47042,
P529,82,runway'@en,0,,,,,,,,,,12307,
P2957,81,throughput'@en,0,,,,,,,,,,1056,
P3922,81,light sector'@en,0,,,,,,,,,,1785,
P4329,81,template or module that populates category'@en,0,,,,,,,,,,1145,
P1792,80,category of associated people'@en,0,,,,,,,,,,29776,
P2073,80,vehicle range'@en,0,,,,,,,,,,651,
P1035,79,honorific suffix'@en,0,,,,,,,,,,776,
P1656,79,unveiled by'@en,0,,,,,,,,,,444,
P2976,79,patronym or matronym for this name'@en,0,,,,,,,,,,222,
P5023,79,activity policy in this place'@en,0,,,,,,,,,,189,
P65,79,site of astronomical discovery'@en,0,,,,,,,,,,53753,
P789,79,edibility'@en,0,,,,,,,,,,787,
P2667,78,corresponding template'@en,0,,,,,,,,,,865,
P2978,78,wheel arrangement'@en,0,,,,,,,,,,8345,
P3311,78,image of design plans'@en,0,,,,,,,,,,2216,
P730,78,service retirement'@en,0,,,,,,,,,,10138,
P567,77,underlies'@en,0,,,,,,,,,,1540,
P5826,77,majority opinion by'@en,0,,,,,,,,,,3370,
P78,77,top-level Internet domain'@en,0,,,,,,,,,,341,
P1028,76,donated by'@en,0,,,,,,,,,,9680,
P591,76,EC enzyme number'@en,0,,,,,,,,,,10709,
P9601,76,official map URL'@en,0,,,,,,,,,,606,
P167,75,structure replaced by'@en,0,,,,,,,,,,1771,
P2286,75,arterial supply'@en,0,,,,,,,,,,289,
P2437,75,number of seasons'@en,0,,,,,,,,,,36687,
P248,75,stated in'@en,0,,,,,,,,,,695,
P4511,75,vertical depth'@en,0,,,,,,,,,,23907,
P4220,74,order of battle'@en,0,,,,,,,,,,409,
P948,74,page banner'@en,0,,,,,,,,,,26295,
P1313,73,office held by head of government'@en,0,,,,,,,,,,62906,
P1620,73,plaintiff'@en,0,,,,,,,,,,2222,
P2155,73,solid solution series with'@en,0,,,,,,,,,,207,
P568,73,overlies'@en,0,,,,,,,,,,1553,
P237,72,coat of arms'@en,0,,,,,,,,,,10249,
P2827,71,flower color'@en,0,,,,,,,,,,262,
P3157,71,event distance'@en,0,,,,,,,,,,27206,
P5126,71,assistant director'@en,0,,,,,,,,,,578,
P522,71,type of orbit'@en,0,,,,,,,,,,1184,
P2716,70,collage image'@en,0,,,,,,,,,,2076,
P2102,69,boiling point'@en,0,,,,,,,,,,1023,
P3022,69,flag bearer'@en,0,,,,,,,,,,4194,
P1731,68,Fach'@en,0,,,,,,,,,,391,
P2713,68,sectional view'@en,0,,,,,,,,,,294,
P2555,67,fee'@en,0,,,,,,,,,,1492,
P770,67,cause of destruction'@en,0,,,,,,,,,,1394,
P805,67,statement is subject of'@en,0,,,,,,,,,,415,
P914,67,USK rating'@en,0,,,,,,,,,,3469,
P2236,66,external subproperty'@en,0,,,,,,,,,,103,
P2575,66,measures'@en,0,,,,,,,,,,262,
P5514,66,accredited by'@en,0,,,,,,,,,,4162,
P561,66,NATO reporting name'@en,0,,,,,,,,,,535,
P1158,65,location of landing'@en,0,,,,,,,,,,504,
P2234,65,volume as quantity'@en,0,,,,,,,,,,14304,
P3161,65,has grammatical mood'@en,0,,,,,,,,,,102,
P748,65,appointed by'@en,0,,,,,,,,,,5560,
P10038,64,Conway polyhedron notation'@en,0,,,,,,,,,,136,
P2929,64,lighthouse range'@en,0,,,,,,,,,,7257,
P5940,64,plot expanded in'@en,0,,,,,,,,,,332,
P6477,64,does not have quality'@en,0,,,,,,,,,,362,
P1999,63,UNESCO language status'@en,0,,,,,,,,,,2412,
P4967,63,prerequisite'@en,0,,,,,,,,,,192,
P2425,62,service ribbon image'@en,0,,,,,,,,,,5134,
P720,62,asteroid spectral type'@en,0,,,,,,,,,,418,
P7213,62,newspaper archive URL'@en,0,,,,,,,,,,143,
P1137,61,fossil found in this unit'@en,0,,,,,,,,,,75,
P2739,61,typeface/font used'@en,0,,,,,,,,,,225,
P3912,61,newspaper format'@en,0,,,,,,,,,,4085,
P424,61,Wikimedia language code'@en,0,,,,,,,,,,1934,
P518,61,applies to part'@en,0,,,,,,,,,,198,
P784,61,mushroom cap shape'@en,0,,,,,,,,,,878,
P835,61,author citation (zoology)'@en,0,,,,,,,,,,4743,
P9059,61,subdivision of this unit'@en,0,,,,,,,,,,128,
P9191,61,letterer'@en,0,,,,,,,,,,318,
P85,60,anthem'@en,0,,,,,,,,,,1703,
P8768,60,online catalog'@en,0,,,,,,,,,,1664,
P3080,59,game artist'@en,0,,,,,,,,,,159,
P1002,58,engine configuration'@en,0,,,,,,,,,,1037,
P1924,58,vaccine for'@en,0,,,,,,,,,,205,
P8682,58,number of negative votes'@en,0,,,,,,,,,,388,
P8683,58,number of support votes'@en,0,,,,,,,,,,386,
P1018,57,language regulatory body'@en,0,,,,,,,,,,205,
P1406,57,script directionality'@en,0,,,,,,,,,,330,
P229,57,IATA airline designator'@en,0,,,,,,,,,,2759,
P2849,57,produced by'@en,0,,,,,,,,,,278,
P3254,57,property proposal discussion'@en,0,,,,,,,,,,10056,
P370,57,Sandbox-String'@en,0,,,,,,,,,,12639,
P5278,57,gender inflection of surname'@en,0,,,,,,,,,,5904,
P5630,57,prisoner count'@en,0,,,,,,,,,,60149,
P10606,56,notable role'@en,0,,,,,,,,,,61,
P2239,56,first aid measures'@en,0,,,,,,,,,,2825,
P3086,56,speed limit'@en,0,,,,,,,,,,2364,
P3781,56,has active ingredient'@en,0,,,,,,,,,,2699,
P3858,56,route diagram'@en,0,,,,,,,,,,3647,
P822,56,mascot'@en,0,,,,,,,,,,871,
P8512,56,size comparison diagram'@en,0,,,,,,,,,,520,
P1943,55,location map'@en,0,,,,,,,,,,4538,
P2896,55,publication interval'@en,0,,,,,,,,,,5459,
P4519,54,payload mass'@en,0,,,,,,,,,,21230,
P5998,54,distributary'@en,0,,,,,,,,,,119,
P6249,54,narrative age'@en,0,,,,,,,,,,581,
P6500,54,non-free artwork image URL'@en,0,,,,,,,,,,8684,
P1450,53,Sandbox-Monolingual text'@en,0,,,,,,,,,,54,
P3033,53,package management system'@en,0,,,,,,,,,,193,
P3132,53,last line'@en,0,,,,,,,,,,14938,
P3383,53,film poster'@en,0,,,,,,,,,,1985,
P3822,53,rules for classification'@en,0,,,,,,,,,,1440,
P4387,53,update method'@en,0,,,,,,,,,,118,
P6291,53,advertises'@en,0,,,,,,,,,,877,
P6819,53,calligrapher'@en,0,,,,,,,,,,292,
P7561,53,category for the interior of the item'@en,0,,,,,,,,,,20369,
P8453,53,public transport stop'@en,0,,,,,,,,,,137,
P1654,52,wing configuration'@en,0,,,,,,,,,,1131,
P3261,52,anatomical branch of'@en,0,,,,,,,,,,436,
P4566,52,awarded for period'@en,0,,,,,,,,,,266,
P4913,52,dialect of'@en,0,,,,,,,,,,1622,
P5131,52,possible medical findings'@en,0,,,,,,,,,,96,
P543,52,oath made by'@en,0,,,,,,,,,,90,
P1429,51,has pet'@en,0,,,,,,,,,,318,
P239,51,ICAO airport code'@en,0,,,,,,,,,,20121,
P4238,51,webcam page URL'@en,0,,,,,,,,,,504,
P913,51,notation'@en,0,,,,,,,,,,220,
P1817,50,addressee'@en,0,,,,,,,,,,49127,
P5252,50,winter view'@en,0,,,,,,,,,,2638,
P908,50,PEGI rating'@en,0,,,,,,,,,,4341,
P1098,49,"number of speakers, writers, or signers'@en",0,,,,,,,,,,2346,
P453,49,character role'@en,0,,,,,,,,,,498,
P8005,49,research subject recruitment status'@en,0,,,,,,,,,,51323,
P9139,49,first family name in Portuguese name'@en,0,,,,,,,,,,199,
P1703,48,is pollinated by'@en,0,,,,,,,,,,80,
P1885,48,cathedral'@en,0,,,,,,,,,,2143,
P4934,48,calculated from'@en,0,,,,,,,,,,576,
P5800,48,narrative role'@en,0,,,,,,,,,,4782,
P606,48,first flight'@en,0,,,,,,,,,,6944,
P6365,48,member category'@en,0,,,,,,,,,,3850,
P1339,47,number of injured'@en,0,,,,,,,,,,4455,
P3872,47,patronage'@en,0,,,,,,,,,,147920,
P6883,47,LilyPond notation'@en,0,,,,,,,,,,753,
P8011,47,number of medical tests'@en,0,,,,,,,,,,6539,
P8934,47,mailing list archive'@en,0,,,,,,,,,,500,
P1855,46,Wikidata property example'@en,0,,,,,,,,,,26792,
P2124,46,member count'@en,0,,,,,,,,,,54679,
P2130,46,cost'@en,0,,,,,,,,,,9767,
P2808,46,wavelength'@en,0,,,,,,,,,,72,
P4634,46,premiere type'@en,0,,,,,,,,,,469,
P6338,46,colorist'@en,0,,,,,,,,,,1347,
P6498,46,illiterate population'@en,0,,,,,,,,,,92806,
P2568,45,repealed by'@en,0,,,,,,,,,,32549,
P6499,45,literate population'@en,0,,,,,,,,,,92809,
P872,45,printed by'@en,0,,,,,,,,,,2832,
P2634,44,model'@en,0,,,,,,,,,,275,
P3081,44,damaged'@en,0,,,,,,,,,,93,
P3295,44,code'@en,0,,,,,,,,,,46442,
P6889,44,microarchitecture'@en,0,,,,,,,,,,200,
P8000,44,electron configuration'@en,0,,,,,,,,,,51,
P1906,43,office held by head of state'@en,0,,,,,,,,,,571,
P194,43,legislative body'@en,0,,,,,,,,,,4260,
P2238,43,official symbol'@en,0,,,,,,,,,,1422,
P2384,43,statement describes'@en,0,,,,,,,,,,195,
P3896,43,geoshape'@en,0,,,,,,,,,,28248,
P3975,43,secretary general'@en,0,,,,,,,,,,1431,
P10135,42,recording date'@en,0,,,,,,,,,,1109,
P1114,42,quantity'@en,0,,,,,,,,,,30684,
P1181,42,numeric value'@en,0,,,,,,,,,,11944,
P3349,42,designed to carry'@en,0,,,,,,,,,,166,
P4403,42,caliber'@en,0,,,,,,,,,,597,
P6254,42,subject lexeme'@en,0,,,,,,,,,,1020,
P935,42,Commons gallery'@en,0,,,,,,,,,,100018,
P1074,41,fictional analog of'@en,0,,,,,,,,,,1977,
P2319,41,elector'@en,0,,,,,,,,,,67,
P2673,41,next crossing upstream'@en,0,,,,,,,,,,1615,
P3103,41,has tense'@en,0,,,,,,,,,,144,
P3876,41,category for alumni of educational institution'@en,0,,,,,,,,,,15419,
P501,41,enclave within'@en,0,,,,,,,,,,248,
P6427,41,trading name'@en,0,,,,,,,,,,253,
P1993,40,TeX string'@en,0,,,,,,,,,,138,
P2121,40,prize money'@en,0,,,,,,,,,,5199,
P2254,40,maximum operating altitude'@en,0,,,,,,,,,,603,
P5832,40,political coalition'@en,0,,,,,,,,,,145,
P8402,40,open data portal'@en,0,,,,,,,,,,808,
P230,39,ICAO airline designator'@en,0,,,,,,,,,,3393,
P2303,39,exception to constraint'@en,0,,,,,,,,,,39,
P2665,39,alcohol by volume'@en,0,,,,,,,,,,378,
P3490,39,muscle origin'@en,0,,,,,,,,,,63,
P426,39,aircraft registration'@en,0,,,,,,,,,,1067,
P5046,39,International Classification for Standards'@en,0,,,,,,,,,,112,
P5282,39,ground level 360 degree view'@en,0,,,,,,,,,,483,
P8308,39,has column'@en,0,,,,,,,,,,173,
P1312,38,has facet polytope'@en,0,,,,,,,,,,1092,
P1706,38,together with'@en,0,,,,,,,,,,74,
P2674,38,next crossing downstream'@en,0,,,,,,,,,,1621,
P3491,38,muscle insertion'@en,0,,,,,,,,,,58,
P4878,38,symbolizes'@en,0,,,,,,,,,,63,
P8362,38,Regensburg Classification (works and editions)'@en,0,,,,,,,,,,65,
P989,38,spoken text audio'@en,0,,,,,,,,,,6493,
P2289,37,venous drainage'@en,0,,,,,,,,,,164,
P2321,37,general classification of race participants'@en,0,,,,,,,,,,82977,
P3090,37,flight number'@en,0,,,,,,,,,,269,
P3934,37,face value'@en,0,,,,,,,,,,2590,
P4602,37,date of burial or cremation'@en,0,,,,,,,,,,9311,
P1787,36,art-name'@en,0,,,,,,,,,,2581,
P1981,36,FSK film rating'@en,0,,,,,,,,,,17116,
P2225,36,discharge'@en,0,,,,,,,,,,3855,
P2658,36,Scoville grade'@en,0,,,,,,,,,,106,
P3902,36,had as last meal'@en,0,,,,,,,,,,70,
P5307,36,display technology'@en,0,,,,,,,,,,163,
P5522,36,Unicode block'@en,0,,,,,,,,,,151281,
P768,36,electoral district'@en,0,,,,,,,,,,19010,
P8981,36,lunar coordinates'@en,0,,,,,,,,,,1996,
P9237,36,reissue of'@en,0,,,,,,,,,,251,
P9721,36,image of entrance'@en,0,,,,,,,,,,1243,
P1318,35,proved by'@en,0,,,,,,,,,,132,
P2001,35,Revised Romanization'@en,0,,,,,,,,,,11994,
P2927,35,water as percent of area'@en,0,,,,,,,,,,30718,
P5009,35,complies with'@en,0,,,,,,,,,,168,
P6363,35,WordLift URL'@en,0,,,,,,,,,,1532,
P7888,35,merged into'@en,0,,,,,,,,,,2241,
P9597,35,type of lens'@en,0,,,,,,,,,,1733,
P1012,34,including'@en,0,,,,,,,,,,62,
P3014,34,laws applied'@en,0,,,,,,,,,,172,
P3259,34,intangible cultural heritage status'@en,0,,,,,,,,,,978,
P500,34,exclave of'@en,0,,,,,,,,,,129,
P6343,34,urban population'@en,0,,,,,,,,,,20290,
P7514,34,landscape architect'@en,0,,,,,,,,,,196,
P8274,34,living people protection class'@en,0,,,,,,,,,,65,
P10741,33,dance'@en,0,,,,,,,,,,897,
P2894,33,day of week'@en,0,,,,,,,,,,192745,
P4884,33,court'@en,0,,,,,,,,,,24733,
P952,33,ISCO-88 occupation code'@en,0,,,,,,,,,,383,
P9972,33,illustrative content'@en,0,,,,,,,,,,74,
P1472,32,Commons Creator page'@en,0,,,,,,,,,,52128,
P2364,32,production code'@en,0,,,,,,,,,,15425,
P3680,32,statement supported by'@en,0,,,,,,,,,,58,
P3815,32,volcano observatory'@en,0,,,,,,,,,,594,
P4646,32,representation of'@en,0,,,,,,,,,,180,
P4743,32,animal breed'@en,0,,,,,,,,,,8735,
P5412,32,romanization of Belarusian (2007 system)'@en,0,,,,,,,,,,25029,
P8898,32,road name formatter'@en,0,,,,,,,,,,159,
P1041,31,socket supported'@en,0,,,,,,,,,,107,
P1540,31,male population'@en,0,,,,,,,,,,247205,
P1942,31,McCune-Reischauer romanization'@en,0,,,,,,,,,,10420,
P2021,31,Erdős number'@en,0,,,,,,,,,,2366,
P3938,31,named by'@en,0,,,,,,,,,,657,
P7376,31,worn by'@en,0,,,,,,,,,,217,
P2370,30,conversion to SI unit'@en,0,,,,,,,,,,2297,
P2647,30,source of material'@en,0,,,,,,,,,,146,
P4586,30,type foundry'@en,0,,,,,,,,,,422,
P4745,30,is proceedings from'@en,0,,,,,,,,,,1484,
P5206,30,has conjugation class'@en,0,,,,,,,,,,31,
P5588,30,invasive to'@en,0,,,,,,,,,,124,
P634,30,captain'@en,0,,,,,,,,,,539,
P7108,30,location of the point of view'@en,0,,,,,,,,,,512,
P1136,29,solved by'@en,0,,,,,,,,,,115,
P1539,29,female population'@en,0,,,,,,,,,,247166,
P2051,29,M sin i'@en,0,,,,,,,,,,976,
P246,29,element symbol'@en,0,,,,,,,,,,193,
P2659,29,topographic isolation'@en,0,,,,,,,,,,4356,
P3067,29,GS1 country code'@en,0,,,,,,,,,,151,
P3950,29,narrower external class'@en,0,,,,,,,,,,58,
P8196,29,voting system'@en,0,,,,,,,,,,1393,
P8596,29,category for the exterior of the item'@en,0,,,,,,,,,,3558,
P1347,28,military casualty classification'@en,0,,,,,,,,,,7975,
P2453,28,nominee'@en,0,,,,,,,,,,164,
P2649,28,CQ Ranking men\'s team URL'@en,0,,,,,,,,,,244,
P2859,28,X-SAMPA code'@en,0,,,,,,,,,,222,
P4600,28,polymer of'@en,0,,,,,,,,,,72,
P4688,28,geomorphological unit'@en,0,,,,,,,,,,1971,
P8687,28,social media followers'@en,0,,,,,,,,,,473862,
P1350,27,number of matches played/races/starts'@en,0,,,,,,,,,,43682,
P1471,27,reporting mark'@en,0,,,,,,,,,,1036,
P2546,27,sidekick of'@en,0,,,,,,,,,,256,
P375,27,space launch vehicle'@en,0,,,,,,,,,,6831,
P9073,27,applicable \'stated in\' value'@en,0,,,,,,,,,,4873,
P1264,26,valid in period'@en,0,,,,,,,,,,215,
P163,26,flag'@en,0,,,,,,,,,,6540,
P2291,26,charted in'@en,0,,,,,,,,,,1612,
P2610,26,thickness'@en,0,,,,,,,,,,12407,
P2669,26,discontinued date'@en,0,,,,,,,,,,2874,
P3679,26,stock market index'@en,0,,,,,,,,,,78,
P3713,26,category for value not in Wikidata'@en,0,,,,,,,,,,342,
P3803,26,original film format'@en,0,,,,,,,,,,6503,
P4184,26,slope'@en,0,,,,,,,,,,589,
P4661,26,reservoir created'@en,0,,,,,,,,,,3225,
P617,26,yard number'@en,0,,,,,,,,,,17188,
P6193,26,ratified by'@en,0,,,,,,,,,,2635,
P7420,26,image with frame'@en,0,,,,,,,,,,2641,
P8010,26,number of recoveries'@en,0,,,,,,,,,,17629,
P2235,25,external superproperty'@en,0,,,,,,,,,,167,
P2630,25,cost of damage'@en,0,,,,,,,,,,170,
P4584,25,first appearance'@en,0,,,,,,,,,,7508,
P5021,25,assessment'@en,0,,,,,,,,,,25886,
P6437,25,day of regular release'@en,0,,,,,,,,,,85,
P6439,25,has lyrics'@en,0,,,,,,,,,,416,
P1342,24,number of seats'@en,0,,,,,,,,,,7522,
P1611,24,NATO code for grade'@en,0,,,,,,,,,,362,
P1704,24,is pollinator of'@en,0,,,,,,,,,,58,
P1909,24,side effect'@en,0,,,,,,,,,,39,
P2149,24,clock frequency'@en,0,,,,,,,,,,207,
P3335,24,associated hazard'@en,0,,,,,,,,,,72,
P3909,24,last words'@en,0,,,,,,,,,,256,
P4914,24,produces cohesive end'@en,0,,,,,,,,,,1203,
P1811,23,list of episodes'@en,0,,,,,,,,,,4561,
P3512,23,means of locomotion'@en,0,,,,,,,,,,104,
P5059,23,modified version of'@en,0,,,,,,,,,,1433,
P6344,23,rural population'@en,0,,,,,,,,,,15443,
P7101,23,privacy policy URL'@en,0,,,,,,,,,,1029,
P8786,23,dedicated heritage entity'@en,0,,,,,,,,,,181,
P1117,22,pKa'@en,0,,,,,,,,,,234,
P2560,22,GPU'@en,0,,,,,,,,,,161,
P2564,22,Köppen climate classification'@en,0,,,,,,,,,,2324,
P3039,22,wheelbase'@en,0,,,,,,,,,,3710,
P4599,22,monomer of'@en,0,,,,,,,,,,63,
P545,22,torch lit by'@en,0,,,,,,,,,,73,
P831,22,parent club'@en,0,,,,,,,,,,4490,
P8791,22,digitised by'@en,0,,,,,,,,,,2706,
P9419,22,personal library at'@en,0,,,,,,,,,,285,
P1165,21,home world'@en,0,,,,,,,,,,1697,
P1762,21,Hornbostel-Sachs classification'@en,0,,,,,,,,,,2340,
P2599,21,block size'@en,0,,,,,,,,,,54,
P505,21,general manager'@en,0,,,,,,,,,,1366,
P8606,21,Stairway To Hell ID'@en,0,,,,,,,,,,44,
P9600,21,oral history at'@en,0,,,,,,,,,,954,
P1425,20,ecoregion (WWF)'@en,0,,,,,,,,,,40,
P2058,20,depositary'@en,0,,,,,,,,,,229,
P2684,20,Kijkwijzer rating'@en,0,,,,,,,,,,9401,
P2738,20,disjoint union of'@en,0,,,,,,,,,,467,
P4788,20,storage device'@en,0,,,,,,,,,,584,
P5110,20,has grammatical person'@en,0,,,,,,,,,,113,
P5138,20,season of club or team'@en,0,,,,,,,,,,80037,
P556,20,crystal system'@en,0,,,,,,,,,,5455,
P566,20,basionym'@en,0,,,,,,,,,,160316,
P5970,20,Medierådet rating'@en,0,,,,,,,,,,10733,
P610,20,highest point'@en,0,,,,,,,,,,5463,
P6106,20,uses capitalization for'@en,0,,,,,,,,,,53,
P7075,20,mod of'@en,0,,,,,,,,,,190,
P7374,20,educational stage'@en,0,,,,,,,,,,84,
P8097,20,network bands'@en,0,,,,,,,,,,26,
P8214,20,curriculum vitae'@en,0,,,,,,,,,,12563,
P8733,20,number of rooms'@en,0,,,,,,,,,,1395,
P8766,20,rank insignia'@en,0,,,,,,,,,,123,
P1039,19,kinship to subject'@en,0,,,,,,,,,,60,
P2054,19,density'@en,0,,,,,,,,,,1609,
P2210,19,relative to'@en,0,,,,,,,,,,50,
P2285,19,periapsis date'@en,0,,,,,,,,,,46,
P2769,19,budget'@en,0,,,,,,,,,,7230,
P4290,19,official app'@en,0,,,,,,,,,,103,
P474,19,country calling code'@en,0,,,,,,,,,,508,
P5897,19,account charge / subscription fee'@en,0,,,,,,,,,,122,
P7588,19,effective date'@en,0,,,,,,,,,,47204,
P1013,18,criterion used'@en,0,,,,,,,,,,68,
P1141,18,number of processor cores'@en,0,,,,,,,,,,10995,
P1373,18,daily patronage'@en,0,,,,,,,,,,4466,
P209,18,highest judicial authority'@en,0,,,,,,,,,,184,
P2361,18,online service'@en,0,,,,,,,,,,48,
P3019,18,railway signalling system'@en,0,,,,,,,,,,109,
P3879,18,Cologne phonetics'@en,0,,,,,,,,,,218626,
P416,18,quantity symbol (string)'@en,0,,,,,,,,,,87,
P4312,18,camera setup'@en,0,,,,,,,,,,1883,
P5012,18,special rank'@en,0,,,,,,,,,,726,
P5471,18,Harmonized System Code'@en,0,,,,,,,,,,37,
P5524,18,horizontal depth'@en,0,,,,,,,,,,4685,
P6208,18,award rationale'@en,0,,,,,,,,,,51,
P7479,18,key col'@en,0,,,,,,,,,,242,
P8009,18,IM channel'@en,0,,,,,,,,,,44,
P8431,18,course'@en,0,,,,,,,,,,145,
P8702,18,parallel street'@en,0,,,,,,,,,,54,
P1100,17,number of cylinders'@en,0,,,,,,,,,,5514,
P1725,17,beats per minute'@en,0,,,,,,,,,,1291,
P2507,17,corrigendum / erratum'@en,0,,,,,,,,,,85,
P2787,17,longest span'@en,0,,,,,,,,,,1526,
P2821,17,by-product'@en,0,,,,,,,,,,50,
P3575,17,data size'@en,0,,,,,,,,,,1592,
P4152,17,file format identification pattern'@en,0,,,,,,,,,,9455,
P6346,17,statutory purpose'@en,0,,,,,,,,,,195,
P6541,17,Stack Exchange site'@en,0,,,,,,,,,,141,
P798,17,military designation'@en,0,,,,,,,,,,1751,
P8852,17,facial hair'@en,0,,,,,,,,,,375,
P8972,17,small logo or icon'@en,0,,,,,,,,,,653,
P1393,16,proxy'@en,0,,,,,,,,,,37,
P1793,16,format as a regular expression'@en,0,,,,,,,,,,5234,
P208,16,executive body'@en,0,,,,,,,,,,1666,
P2159,16,computes solution to'@en,0,,,,,,,,,,119,
P2257,16,event interval'@en,0,,,,,,,,,,8712,
P2329,16,antagonist muscle'@en,0,,,,,,,,,,102,
P3205,16,patient of'@en,0,,,,,,,,,,75,
P3878,16,Soundex'@en,0,,,,,,,,,,248083,
P470,16,Eight Banner register'@en,0,,,,,,,,,,986,
P4876,16,number of records'@en,0,,,,,,,,,,3035,
P8498,16,road number formatter'@en,0,,,,,,,,,,265,
P8822,16,epithet'@en,0,,,,,,,,,,27,
P1546,15,motto'@en,0,,,,,,,,,,506,
P1786,15,posthumous name'@en,0,,,,,,,,,,749,
P3015,15,backup or reserve team or crew'@en,0,,,,,,,,,,222,
P3719,15,regulated by'@en,0,,,,,,,,,,487,
P4239,15,vocalized name'@en,0,,,,,,,,,,167,
P514,15,interleaves with'@en,0,,,,,,,,,,32,
P6269,15,API endpoint'@en,0,,,,,,,,,,3698,
P6949,15,announcement date'@en,0,,,,,,,,,,2051,
P1372,14,binding of software library'@en,0,,,,,,,,,,29,
P1543,14,monogram'@en,0,,,,,,,,,,528,
P1845,14,anti-virus alias'@en,0,,,,,,,,,,49,
P2218,14,net worth'@en,0,,,,,,,,,,1214,
P2318,14,debut participant'@en,0,,,,,,,,,,217,
P249,14,ticker symbol'@en,0,,,,,,,,,,66,
P2528,14,earthquake magnitude on the Richter magnitude scale'@en,0,,,,,,,,,,975,
P2551,14,used metre'@en,0,,,,,,,,,,344,
P3501,14,Christian liturgical rite'@en,0,,,,,,,,,,15081,
P3917,14,IPA number order'@en,0,,,,,,,,,,202,
P4424,14,mandates'@en,0,,,,,,,,,,148,
P502,14,HURDAT identifier'@en,0,,,,,,,,,,1725,
P5051,14,towards'@en,0,,,,,,,,,,64,
P5248,14,medical evacuation to'@en,0,,,,,,,,,,39,
P5286,14,Portable Game Notation'@en,0,,,,,,,,,,1236,
P550,14,chivalric order'@en,0,,,,,,,,,,64,
P5991,14,carbon footprint'@en,0,,,,,,,,,,631,
P6531,14,observed in'@en,0,,,,,,,,,,25,
P6655,14,stroke order'@en,0,,,,,,,,,,124,
P7377,14,tussenvoegsel'@en,0,,,,,,,,,,2620,
P788,14,mushroom ecological type'@en,0,,,,,,,,,,967,
P816,14,decays to'@en,0,,,,,,,,,,7183,
P8195,14,ex-libris'@en,0,,,,,,,,,,158,
P8203,14,supported metadata'@en,0,,,,,,,,,,16,
P8225,14,is metaclass for'@en,0,,,,,,,,,,398,
P1227,13,astronomical filter'@en,0,,,,,,,,,,19,
P1283,13,filmography'@en,0,,,,,,,,,,1449,
P1677,13,index case of'@en,0,,,,,,,,,,29,
P1782,13,courtesy name'@en,0,,,,,,,,,,6981,
P2098,13,substitute/deputy/replacement of office/officeholder'@en,0,,,,,,,,,,623,
P2128,13,flash point'@en,0,,,,,,,,,,449,
P2501,13,results'@en,0,,,,,,,,,,85,
P3094,13,develops from'@en,0,,,,,,,,,,120,
P427,13,taxonomic type'@en,0,,,,,,,,,,28518,
P5230,13,chromosome count'@en,0,,,,,,,,,,72,
P667,13,ICPC 2 ID'@en,0,,,,,,,,,,947,
P7501,13,audio system'@en,0,,,,,,,,,,2076,
P792,13,chapter'@en,0,,,,,,,,,,714,
P9660,13,not found in'@en,0,,,,,,,,,,2439,
P9700,13,delta of'@en,0,,,,,,,,,,73,
P1247,12,compression ratio'@en,0,,,,,,,,,,71,
P1403,12,original combination'@en,0,,,,,,,,,,23735,
P1590,12,number of casualties'@en,0,,,,,,,,,,212,
P1944,12,relief location map'@en,0,,,,,,,,,,778,
P2010,12,Exif make'@en,0,,,,,,,,,,1030,
P2125,12,Revised Hepburn romanization'@en,0,,,,,,,,,,384,
P2142,12,box office'@en,0,,,,,,,,,,3938,
P2217,12,cruise speed'@en,0,,,,,,,,,,98,
P2556,12,bore'@en,0,,,,,,,,,,599,
P2680,12,author of afterword'@en,0,,,,,,,,,,86,
P2855,12,VAT-rate'@en,0,,,,,,,,,,183,
P3833,12,diaspora'@en,0,,,,,,,,,,275,
P4100,12,parliamentary group'@en,0,,,,,,,,,,1975,
P4195,12,category for employees of the organization'@en,0,,,,,,,,,,3229,
P444,12,review score'@en,0,,,,,,,,,,99651,
P5692,12,dummy value'@en,0,,,,,,,,,,32,
P6001,12,applies to people'@en,0,,,,,,,,,,16,
P647,12,drafted by'@en,0,,,,,,,,,,11795,
P6530,12,has role in modeling'@en,0,,,,,,,,,,28,
P6793,12,WMI code'@en,0,,,,,,,,,,52,
P6856,12,average speed'@en,0,,,,,,,,,,85,
P7228,12,access restriction status'@en,0,,,,,,,,,,403792,
P746,12,date of disappearance'@en,0,,,,,,,,,,1129,
P7500,12,comorbidity'@en,0,,,,,,,,,,19,
P8112,12,CSS color keyword'@en,0,,,,,,,,,,146,
P8204,12,tabular case data'@en,0,,,,,,,,,,4681,
P990,12,audio recording of the subject\'s spoken voice'@en,0,,,,,,,,,,1252,
P10672,11,raw material processed'@en,0,,,,,,,,,,34,
P1589,11,lowest point'@en,0,,,,,,,,,,483,
P1752,11,scale'@en,0,,,,,,,,,,1693,
P1853,11,blood type'@en,0,,,,,,,,,,31877,
P1911,11,increased expression in'@en,0,,,,,,,,,,149,
P2258,11,mobile country code'@en,0,,,,,,,,,,196,
P2591,11,grammatical option indicates'@en,0,,,,,,,,,,24,
P2899,11,minimum age'@en,0,,,,,,,,,,320823,
P3776,11,inhibitor of'@en,0,,,,,,,,,,101,
P3921,11,Wikidata SPARQL query equivalent'@en,0,,,,,,,,,,3542,
P397,11,parent astronomical body'@en,0,,,,,,,,,,12516,
P4163,11,magnification'@en,0,,,,,,,,,,76,
P4952,11,safety classification and labelling'@en,0,,,,,,,,,,1478,
P4988,11,test method'@en,0,,,,,,,,,,27,
P5810,11,cryptocurrency symbol'@en,0,,,,,,,,,,64,
P7253,11,color produced'@en,0,,,,,,,,,,31,
P958,11,"section, verse, paragraph, or clause'@en",0,,,,,,,,,,722,
P10280,10,category for honorary citizens of entity'@en,0,,,,,,,,,,294,
P10449,10,trained by'@en,0,,,,,,,,,,12,
P1332,10,coordinates of northernmost point'@en,0,,,,,,,,,,11945,
P1873,10,maximum number of players'@en,0,,,,,,,,,,1001,
P2107,10,decomposition point'@en,0,,,,,,,,,,235,
P2129,10,immediately dangerous to life or health'@en,0,,,,,,,,,,403,
P2137,10,total equity'@en,0,,,,,,,,,,3302,
P2353,10,statistical unit'@en,0,,,,,,,,,,25,
P2405,10,ceiling exposure limit'@en,0,,,,,,,,,,205,
P2629,10,BBFC rating'@en,0,,,,,,,,,,1697,
P2664,10,units sold'@en,0,,,,,,,,,,928,
P2784,10,Mercalli intensity scale'@en,0,,,,,,,,,,75,
P4044,10,therapeutic area'@en,0,,,,,,,,,,1331,
P4271,10,rating'@en,0,,,,,,,,,,379,
P4320,10,mountains classification'@en,0,,,,,,,,,,10472,
P5389,10,permanent resident of'@en,0,,,,,,,,,,1301,
P6195,10,funding scheme'@en,0,,,,,,,,,,3767,
P6424,10,affiliation string'@en,0,,,,,,,,,,73,
P6718,10,music video'@en,0,,,,,,,,,,342,
P6875,10,motif represents'@en,0,,,,,,,,,,29,
P7014,10,terms of service URL'@en,0,,,,,,,,,,1291,
P7256,10,computer performance'@en,0,,,,,,,,,,73493,
P787,10,spore print color'@en,0,,,,,,,,,,727,
P8017,10,generational suffix'@en,0,,,,,,,,,,8569,
P8058,10,symbol of'@en,0,,,,,,,,,,51,
P852,10,ESRB rating'@en,0,,,,,,,,,,6739,
P9901,10,issuing agent of work'@en,0,,,,,,,,,,68,
P1171,9,approximation algorithm'@en,0,,,,,,,,,,9,
P1686,9,for work'@en,0,,,,,,,,,,92,
P1775,9,follower of'@en,0,,,,,,,,,,22,
P2324,9,quantity buried'@en,0,,,,,,,,,,1678,
P2429,9,expected completeness'@en,0,,,,,,,,,,3938,
P2876,9,type of unit for this property'@en,0,,,,,,,,,,67,
P3005,9,valid in place'@en,0,,,,,,,,,,173,
P3030,9,sheet music'@en,0,,,,,,,,,,452,
P3092,9,film crew member'@en,0,,,,,,,,,,4961,
P3362,9,operating income'@en,0,,,,,,,,,,3159,
P3721,9,public key fingerprint'@en,0,,,,,,,,,,308,
P4968,9,relevant qualification'@en,0,,,,,,,,,,44,
P5305,9,SPARQL endpoint'@en,0,,,,,,,,,,150,
P5537,9,Hangul of a Chinese character'@en,0,,,,,,,,,,65,
P656,9,RefSeq'@en,0,,,,,,,,,,13,
P6608,9,General Material Designation'@en,0,,,,,,,,,,19,
P6733,9,National Taxonomy of Exempt Entities code'@en,0,,,,,,,,,,87,
P7643,9,covered period'@en,0,,,,,,,,,,33,
P8368,9,number of branches'@en,0,,,,,,,,,,284,
P9234,9,supplement to'@en,0,,,,,,,,,,175,
P9732,9,URL for citizen\'s initiatives'@en,0,,,,,,,,,,249,
P10228,8,facilitates flow of'@en,0,,,,,,,,,,31,
P1183,8,Gewässerkennzahl'@en,0,,,,,,,,,,1528,
P1211,8,fuel system'@en,0,,,,,,,,,,140,
P1363,8,points/goal scored by'@en,0,,,,,,,,,,2444,
P1402,8,Foundational Model of Anatomy ID'@en,0,,,,,,,,,,79098,
P1421,8,GRIN URL'@en,0,,,,,,,,,,121369,
P1534,8,end cause'@en,0,,,,,,,,,,184,
P1637,8,undercarriage'@en,0,,,,,,,,,,225,
P1750,8,name day'@en,0,,,,,,,,,,3456,
P2112,8,wing area'@en,0,,,,,,,,,,106,
P2532,8,lowest atmospheric pressure'@en,0,,,,,,,,,,1904,
P2828,8,corporate officer'@en,0,,,,,,,,,,103,
P2846,8,wheelchair accessibility'@en,0,,,,,,,,,,3945,
P3439,8,angular resolution'@en,0,,,,,,,,,,42,
P3440,8,time signature'@en,0,,,,,,,,,,81,
P367,8,astronomic symbol image'@en,0,,,,,,,,,,343,
P459,8,determination method'@en,0,,,,,,,,,,329,
P4656,8,Wikimedia import URL'@en,0,,,,,,,,,,84,
P4794,8,season starts'@en,0,,,,,,,,,,2052,
P489,8,currency symbol description'@en,0,,,,,,,,,,186,
P5040,8,GHS hazard pictogram'@en,0,,,,,,,,,,8,
P5056,8,patronym or matronym for this person'@en,0,,,,,,,,,,1398,
P5095,8,fault'@en,0,,,,,,,,,,20,
P534,8,streak color'@en,0,,,,,,,,,,681,
P5348,8,angular diameter'@en,0,,,,,,,,,,76,
P5595,8,number of platform faces'@en,0,,,,,,,,,,5856,
P5624,8,pitting resistance equivalent number'@en,0,,,,,,,,,,13,
P5805,8,OSI Model layer location'@en,0,,,,,,,,,,91,
P5901,8,official number of town quarter'@en,0,,,,,,,,,,924,
P5913,8,has inflection class'@en,0,,,,,,,,,,8,
P6378,8,charter URL'@en,0,,,,,,,,,,158,
P7150,8,epigraph'@en,0,,,,,,,,,,280,
P7250,8,mobile formatter URL'@en,0,,,,,,,,,,46,
P7290,8,FCC Product Code'@en,0,,,,,,,,,,156,
P785,8,hymenium attachment'@en,0,,,,,,,,,,889,
P820,8,arXiv classification'@en,0,,,,,,,,,,12,
P8258,8,field of training'@en,0,,,,,,,,,,23,
P8306,8,has grouping'@en,0,,,,,,,,,,18,
P8738,8,permits'@en,0,,,,,,,,,,23,
P9325,8,Gedong Kirtya Classification'@en,0,,,,,,,,,,836,
P1127,7,isospin z-component'@en,0,,,,,,,,,,24,
P1170,7,transmitted signal type'@en,0,,,,,,,,,,12,
P1314,7,number of spans'@en,0,,,,,,,,,,1943,
P1334,7,coordinates of easternmost point'@en,0,,,,,,,,,,11900,
P1636,7,date of baptism in early childhood'@en,0,,,,,,,,,,3742,
P2076,7,temperature'@en,0,,,,,,,,,,804,
P2200,7,electric charge'@en,0,,,,,,,,,,86,
P2228,7,maximum thrust'@en,0,,,,,,,,,,114,
P2288,7,lymphatic drainage'@en,0,,,,,,,,,,52,
P2295,7,net profit'@en,0,,,,,,,,,,4806,
P2308,7,class'@en,0,,,,,,,,,,15,
P2702,7,dataset distribution'@en,0,,,,,,,,,,20,
P3150,7,birthday'@en,0,,,,,,,,,,3258,
P3494,7,points classification'@en,0,,,,,,,,,,17351,
P4140,7,energy storage capacity'@en,0,,,,,,,,,,177,
P4176,7,effective firing range'@en,0,,,,,,,,,,243,
P4213,7,Unicode code point'@en,0,,,,,,,,,,151433,
P5304,7,type locality (biology)'@en,0,,,,,,,,,,613,
P6524,7,expression of'@en,0,,,,,,,,,,1406,
P6606,7,study or design for'@en,0,,,,,,,,,,282,
P7045,7,chassis'@en,0,,,,,,,,,,48,
P7080,7,specific absorption rate'@en,0,,,,,,,,,,216,
P7309,7,climbing route'@en,0,,,,,,,,,,63,
P7903,7,gained territory from'@en,0,,,,,,,,,,9,
P8115,7,eligible recipient'@en,0,,,,,,,,,,70,
P8500,7,Vietnamese middle name'@en,0,,,,,,,,,,824,
P8739,7,prohibits'@en,0,,,,,,,,,,28,
P9344,7,has graphical element'@en,0,,,,,,,,,,644,
P9929,7,madhhab'@en,0,,,,,,,,,,557,
P1032,6,Digital Rights Management system'@en,0,,,,,,,,,,111,
P10422,6,Ghana Place Names URL'@en,0,,,,,,,,,,87,
P10664,6,featured track(s)'@en,0,,,,,,,,,,20,
P1087,6,Elo rating'@en,0,,,,,,,,,,2887921,
P1151,6,topic\'s main Wikimedia portal'@en,0,,,,,,,,,,1832,
P1215,6,apparent magnitude'@en,0,,,,,,,,,,33122376,
P1335,6,coordinates of westernmost point'@en,0,,,,,,,,,,11891,
P1465,6,category for people who died here'@en,0,,,,,,,,,,17296,
P1568,6,definition domain'@en,0,,,,,,,,,,126,
P1639,6,pendant of'@en,0,,,,,,,,,,2345,
P1785,6,temple name'@en,0,,,,,,,,,,108,
P1789,6,chief operating officer'@en,0,,,,,,,,,,69,
P2033,6,category for pictures taken with camera'@en,0,,,,,,,,,,1920,
P2095,6,co-driver'@en,0,,,,,,,,,,48,
P2179,6,ACM Classification Code (2012)'@en,0,,,,,,,,,,460,
P2199,6,autoignition temperature'@en,0,,,,,,,,,,72,
P2212,6,angular distance'@en,0,,,,,,,,,,442,
P2527,6,earthquake magnitude on the moment magnitude scale'@en,0,,,,,,,,,,168,
P2793,6,clearance'@en,0,,,,,,,,,,335,
P2875,6,property usage tracking category'@en,0,,,,,,,,,,3745,
P2992,6,software quality assurance'@en,0,,,,,,,,,,434,
P3063,6,gestation period'@en,0,,,,,,,,,,554,
P3460,6,colonel-in-chief'@en,0,,,,,,,,,,142,
P3488,6,minimal incubation period in humans'@en,0,,,,,,,,,,119,
P3625,6,Kirshenbaum code'@en,0,,,,,,,,,,150,
P3967,6,final event'@en,0,,,,,,,,,,1868,
P4316,6,kinship equivalent in SPARQL at Wikidata'@en,0,,,,,,,,,,203,
P4353,6,nominated by'@en,0,,,,,,,,,,230,
P4446,6,reward program'@en,0,,,,,,,,,,275,
P4573,6,Merchant Category Code'@en,0,,,,,,,,,,281,
P4733,6,produced sound'@en,0,,,,,,,,,,56,
P5027,6,number of representations'@en,0,,,,,,,,,,1780,
P553,6,website account on'@en,0,,,,,,,,,,2380,
P5873,6,place of devotion'@en,0,,,,,,,,,,916,
P5995,6,kit supplier'@en,0,,,,,,,,,,295,
P612,6,mother house'@en,0,,,,,,,,,,820,
P6639,6,capacity factor'@en,0,,,,,,,,,,41,
P7452,6,reason for preferred rank'@en,0,,,,,,,,,,7,
P7535,6,scope and content'@en,0,,,,,,,,,,280,
P7584,6,age estimated by a dating method'@en,0,,,,,,,,,,734,
P7767,6,serving temperature'@en,0,,,,,,,,,,31,
P8263,6,curriculum topics'@en,0,,,,,,,,,,7,
P8283,6,ISCO-08 occupation code'@en,0,,,,,,,,,,685,
P847,6,United States Navy aircraft designation'@en,0,,,,,,,,,,38,
P855,6,Sandbox-URL'@en,0,,,,,,,,,,6,
P8646,6,expansion of'@en,0,,,,,,,,,,1536,
P9239,6,affiliated worker organisation'@en,0,,,,,,,,,,31,
P9883,6,created for'@en,0,,,,,,,,,,34,
P1081,5,Human Development Index'@en,0,,,,,,,,,,13081,
P1088,5,Mohs\' hardness'@en,0,,,,,,,,,,328,
P1791,5,category of people buried here'@en,0,,,,,,,,,,4785,
P2154,5,binding energy'@en,0,,,,,,,,,,3442,
P2715,5,elected in'@en,0,,,,,,,,,,215,
P2756,5,EIRIN film rating'@en,0,,,,,,,,,,2323,
P3487,5,maximal incubation period in humans'@en,0,,,,,,,,,,117,
P3741,5,seed dispersal'@en,0,,,,,,,,,,10,
P4080,5,number of houses'@en,0,,,,,,,,,,148380,
P4250,5,defined daily dose'@en,0,,,,,,,,,,944,
P4444,5,reward'@en,0,,,,,,,,,,30,
P4882,5,segmental innervation'@en,0,,,,,,,,,,5,
P4954,5,may prevent'@en,0,,,,,,,,,,11,
P5071,5,boiler pressure'@en,0,,,,,,,,,,66,
P523,5,temporal range start'@en,0,,,,,,,,,,138,
P6125,5,number of volunteers'@en,0,,,,,,,,,,4888,
P7863,5,aperture'@en,0,,,,,,,,,,183,
P799,5,Air Ministry specification ID'@en,0,,,,,,,,,,20,
P8339,5,entry receptor'@en,0,,,,,,,,,,11,
P8550,5,law identifier'@en,0,,,,,,,,,,4416,
P9566,5,diel cycle'@en,0,,,,,,,,,,558,
P9906,5,inscription image'@en,0,,,,,,,,,,39,
P10311,4,official jobs URL'@en,0,,,,,,,,,,156,
P1078,4,Valvetrain configuration'@en,0,,,,,,,,,,214,
P1348,4,AlgaeBase URL'@en,0,,,,,,,,,,61341,
P1360,4,Monte Carlo Particle Number'@en,0,,,,,,,,,,67,
P1458,4,color index'@en,0,,,,,,,,,,65,
P1612,4,Commons Institution page'@en,0,,,,,,,,,,6364,
P1777,4,manner of'@en,0,,,,,,,,,,10,
P1815,4,RSL scanned books identifier'@en,0,,,,,,,,,,341,
P1833,4,number of registered users/contributors'@en,0,,,,,,,,,,183,
P1903,4,volcanic explosivity index'@en,0,,,,,,,,,,66,
P1916,4,gene substitution association with'@en,0,,,,,,,,,,28,
P1932,4,object stated as'@en,0,,,,,,,,,,19,
P1945,4,street key'@en,0,,,,,,,,,,12741,
P2097,4,term length of office'@en,0,,,,,,,,,,1382,
P2226,4,market capitalization'@en,0,,,,,,,,,,940,
P2230,4,torque'@en,0,,,,,,,,,,27,
P2250,4,life expectancy'@en,0,,,,,,,,,,3796,
P2343,4,playing range image'@en,0,,,,,,,,,,92,
P2411,4,Artsy gene'@en,0,,,,,,,,,,15,
P2520,4,UNESCO Biosphere Reserve URL'@en,0,,,,,,,,,,749,
P2557,4,stroke'@en,0,,,,,,,,,,542,
P2668,4,stability of property value'@en,0,,,,,,,,,,177,
P2675,4,reply to'@en,0,,,,,,,,,,57,
P2681,4,is recto of'@en,0,,,,,,,,,,175,
P2682,4,is verso of'@en,0,,,,,,,,,,178,
P2791,4,power consumed'@en,0,,,,,,,,,,538,
P2839,4,gait'@en,0,,,,,,,,,,17,
P2869,4,record or record progression'@en,0,,,,,,,,,,173,
P3020,4,residence time of water'@en,0,,,,,,,,,,281,
P3156,4,Australian Classification'@en,0,,,,,,,,,,639,
P3216,4,ClassInd rating'@en,0,,,,,,,,,,2061,
P3447,4,mirrors data from'@en,0,,,,,,,,,,8,
P3592,4,Saros cycle of eclipse'@en,0,,,,,,,,,,533,
P3701,4,incarnation of'@en,0,,,,,,,,,,89,
P376,4,located on astronomical body'@en,0,,,,,,,,,,9214,
P3792,4,rate of fire'@en,0,,,,,,,,,,17,
P3823,4,Ethnologue language status'@en,0,,,,,,,,,,7393,
P3831,4,object has role'@en,0,,,,,,,,,,60,
P418,4,"has seal, badge, or sigil'@en",0,,,,,,,,,,106,
P423,4,shooting handedness'@en,0,,,,,,,,,,13450,
P4379,4,youth wing'@en,0,,,,,,,,,,206,
P4622,4,trophy awarded'@en,0,,,,,,,,,,271,
P4624,4,squadron embarked'@en,0,,,,,,,,,,6,
P4765,4,Commons compatible image available at URL'@en,0,,,,,,,,,,37737,
P4774,4,biological phase'@en,0,,,,,,,,,,21,
P5448,4,upper limit'@en,0,,,,,,,,,,31,
P546,4,docking port'@en,0,,,,,,,,,,57,
P5480,4,tensile modulus of elasticity'@en,0,,,,,,,,,,50,
P5606,4,class of station'@en,0,,,,,,,,,,10087,
P562,4,central bank/issuer'@en,0,,,,,,,,,,438,
P5841,4,Status in the Red List of Threatened Species in the Czech Republic'@en,0,,,,,,,,,,8935,
P5872,4,perfume note'@en,0,,,,,,,,,,20,
P588,4,coolant'@en,0,,,,,,,,,,485,
P5900,4,JMA Magnitude'@en,0,,,,,,,,,,56,
P5996,4,category for films in this language'@en,0,,,,,,,,,,289,
P6186,4,category for eponymous categories'@en,0,,,,,,,,,,259,
P620,4,time of spacecraft landing'@en,0,,,,,,,,,,472,
P6224,4,level of description'@en,0,,,,,,,,,,628077,
P6592,4,OpenStreetMap zoom level'@en,0,,,,,,,,,,143,
P6855,4,emergency services'@en,0,,,,,,,,,,914,
P6978,4,Scandinavian middle family name'@en,0,,,,,,,,,,994,
P7167,4,does not have effect'@en,0,,,,,,,,,,32,
P7209,4,ordeal by'@en,0,,,,,,,,,,138,
P7235,4,in defining formula'@en,0,,,,,,,,,,3898,
P7330,4,Hardware Version Identification Number'@en,0,,,,,,,,,,133,
P7378,4,item disputed by'@en,0,,,,,,,,,,13,
P7469,4,orientation'@en,0,,,,,,,,,,379,
P7604,4,supervised by'@en,0,,,,,,,,,,90,
P7705,4,superfamicom.org URL'@en,0,,,,,,,,,,247,
P7719,4,generalization of'@en,0,,,,,,,,,,37,
P8046,4,Latvian transcription'@en,0,,,,,,,,,,103,
P8464,4,content partnership category'@en,0,,,,,,,,,,398,
P8628,4,engine displacement'@en,0,,,,,,,,,,365,
P8938,4,artistic director'@en,0,,,,,,,,,,79,
P9138,4,service status information URL'@en,0,,,,,,,,,,156,
P9549,4,official podcast'@en,0,,,,,,,,,,146,
P9767,4,edition/version'@en,0,,,,,,,,,,105,
P10225,3,official shop URL'@en,0,,,,,,,,,,428,
P10788,3,in operation on service'@en,0,,,,,,,,,,20,
P1193,3,prevalence'@en,0,,,,,,,,,,140,
P1310,3,statement disputed by'@en,0,,,,,,,,,,5,
P1333,3,coordinates of southernmost point'@en,0,,,,,,,,,,11896,
P1410,3,number of seats in legislature'@en,0,,,,,,,,,,13461,
P1558,3,tempo marking'@en,0,,,,,,,,,,131,
P1561,3,number of survivors'@en,0,,,,,,,,,,969,
P1657,3,MPAA film rating'@en,0,,,,,,,,,,3185,
P1678,3,has vertex figure'@en,0,,,,,,,,,,223,
P1779,3,possible creator'@en,0,,,,,,,,,,38,
P2069,3,magnetic moment'@en,0,,,,,,,,,,17,
P2502,3,classification of race'@en,0,,,,,,,,,,35,
P2918,3,PO Box'@en,0,,,,,,,,,,432,
P2964,3,right to vote'@en,0,,,,,,,,,,68,
P3001,3,retirement age'@en,0,,,,,,,,,,80,
P3395,3,heart rate'@en,0,,,,,,,,,,26,
P3744,3,number of subscribers'@en,0,,,,,,,,,,402,
P4006,3,overrules'@en,0,,,,,,,,,,10,
P4070,3,identifier shared with'@en,0,,,,,,,,,,16,
P4448,3,cash back'@en,0,,,,,,,,,,23,
P4595,3,post town'@en,0,,,,,,,,,,4874,
P468,3,dan/kyu rank'@en,0,,,,,,,,,,977,
P565,3,crystal habit'@en,0,,,,,,,,,,9,
P6191,3,language style'@en,0,,,,,,,,,,5,
P6570,3,number of words'@en,0,,,,,,,,,,1002,
P6658,3,RCQ classification'@en,0,,,,,,,,,,1448,
P6686,3,musical motif'@en,0,,,,,,,,,,27,
P670,3,street number'@en,0,,,,,,,,,,108,
P6711,3,data transfer speed'@en,0,,,,,,,,,,29,
P6840,3,student organization of'@en,0,,,,,,,,,,35,
P7103,3,start of covered period'@en,0,,,,,,,,,,21316,
P7294,3,itch.io URL'@en,0,,,,,,,,,,863,
P7383,3,name in hiero markup'@en,0,,,,,,,,,,251,
P7532,3,room number'@en,0,,,,,,,,,,887,
P7725,3,litter size'@en,0,,,,,,,,,,6527,
P7890,3,8-bits.info URL'@en,0,,,,,,,,,,16,
P8131,3,dialect of computer language'@en,0,,,,,,,,,,94,
P8556,3,extinction date'@en,0,,,,,,,,,,120,
P9758,3,symbol represents'@en,0,,,,,,,,,,3,
P9793,3,setlist'@en,0,,,,,,,,,,156,
P1000,2,record held'@en,0,,,,,,,,,,571,
P10019,2,term in higher taxon'@en,0,,,,,,,,,,15,
P10027,2,official forum URL'@en,0,,,,,,,,,,104,
P10113,2,IMA Mineral Symbol'@en,0,,,,,,,,,,5848,
P10129,2,protective marking'@en,0,,,,,,,,,,5,
P10374,2,computational complexity'@en,0,,,,,,,,,,79,
P10527,2,documentation files at'@en,0,,,,,,,,,,15,
P10564,2,NAF code'@en,0,,,,,,,,,,70957,
P10732,2,probability mass function'@en,0,,,,,,,,,,5,
P10806,2,orchestrator'@en,0,,,,,,,,,,20,
P1109,2,refractive index'@en,0,,,,,,,,,,197,
P1194,2,received signal type'@en,0,,,,,,,,,,3,
P1199,2,mode of inheritance'@en,0,,,,,,,,,,85,
P1200,2,bodies of water basin category'@en,0,,,,,,,,,,2810,
P1319,2,earliest date'@en,0,,,,,,,,,,52,
P1349,2,ploidy'@en,0,,,,,,,,,,41,
P1351,2,number of points/goals/set scored'@en,0,,,,,,,,,,6442,
P1418,2,orbits completed'@en,0,,,,,,,,,,315,
P1446,2,number of missing'@en,0,,,,,,,,,,158,
P1606,2,natural reservoir of'@en,0,,,,,,,,,,17,
P1622,2,driving side'@en,0,,,,,,,,,,431,
P1641,2,port'@en,0,,,,,,,,,,387,
P1683,2,quotation'@en,0,,,,,,,,,,82,
P1774,2,workshop of'@en,0,,,,,,,,,,7,
P1831,2,electorate'@en,0,,,,,,,,,,31394,
P1867,2,eligible voters'@en,0,,,,,,,,,,12796,
P1921,2,formatter URI for RDF resource'@en,0,,,,,,,,,,195,
P1991,2,LPSN URL'@en,0,,,,,,,,,,24510,
P2060,2,luminosity'@en,0,,,,,,,,,,5646,
P210,2,party chief representative'@en,0,,,,,,,,,,261,
P2116,2,molar enthalpy of vaporization'@en,0,,,,,,,,,,24,
P2202,2,lower flammable limit'@en,0,,,,,,,,,,219,
P2203,2,upper flammable limit'@en,0,,,,,,,,,,184,
P2240,2,median lethal dose (LD50)'@en,0,,,,,,,,,,521,
P2403,2,total assets'@en,0,,,,,,,,,,7705,
P2414,2,substrate of'@en,0,,,,,,,,,,8,
P2445,2,metasubclass of'@en,0,,,,,,,,,,40,
P2595,2,maximum gradient'@en,0,,,,,,,,,,2006,
P2645,2,mean lifetime'@en,0,,,,,,,,,,51,
P2663,2,common equity tier 1 capital ratio (CETI)'@en,0,,,,,,,,,,563,
P2797,2,sound power level'@en,0,,,,,,,,,,326,
P2831,2,totem'@en,0,,,,,,,,,,20,
P2893,2,Skype username'@en,0,,,,,,,,,,117,
P2998,2,age of candidacy'@en,0,,,,,,,,,,174,
P3078,2,standard enthalpy of formation'@en,0,,,,,,,,,,257,
P3096,2,KML file'@en,0,,,,,,,,,,11158,
P3137,2,parent peak'@en,0,,,,,,,,,,3109,
P3268,2,PORT organization URL'@en,0,,,,,,,,,,6,
P3279,2,statistical leader'@en,0,,,,,,,,,,2785,
P3415,2,start period'@en,0,,,,,,,,,,59,
P3486,2,normal respiratory rate'@en,0,,,,,,,,,,2,
P3497,2,teams classification by time'@en,0,,,,,,,,,,10991,
P3643,2,significant environmental impact'@en,0,,,,,,,,,,13033,
P369,2,Sandbox-Item'@en,0,,,,,,,,,,3,
P3752,2,worst-case time complexity'@en,0,,,,,,,,,,77,
P3764,2,pole position'@en,0,,,,,,,,,,4674,
P3773,2,antagonist of'@en,0,,,,,,,,,,12,
P3816,2,film script'@en,0,,,,,,,,,,29,
P3903,2,column'@en,0,,,,,,,,,,56171,
P3970,2,channel number'@en,0,,,,,,,,,,325,
P4082,2,captured with'@en,0,,,,,,,,,,19,
P4103,2,assets under management'@en,0,,,,,,,,,,86,
P4135,2,maximum age'@en,0,,,,,,,,,,181336,
P4149,2,conjugate base'@en,0,,,,,,,,,,364,
P4183,2,angle from vertical'@en,0,,,,,,,,,,37,
P4214,2,highest observed lifespan'@en,0,,,,,,,,,,1138,
P4225,2,IPA Braille'@en,0,,,,,,,,,,162,
P4292,2,possessed by spirit'@en,0,,,,,,,,,,36,
P4295,2,readership'@en,0,,,,,,,,,,7,
P4350,2,salinity'@en,0,,,,,,,,,,43,
P4442,2,mean age'@en,0,,,,,,,,,,7878,
P4867,2,RFE symbol'@en,0,,,,,,,,,,63,
P5045,2,number of blank votes'@en,0,,,,,,,,,,5735,
P5053,2,fastest lap'@en,0,,,,,,,,,,2581,
P5065,2,wind speed'@en,0,,,,,,,,,,68,
P5066,2,operating temperature'@en,0,,,,,,,,,,120,
P5069,2,service life'@en,0,,,,,,,,,,38,
P5102,2,nature of statement'@en,0,,,,,,,,,,30,
P5133,2,has evaluation'@en,0,,,,,,,,,,24,
P5140,2,coordinates of geographic center'@en,0,,,,,,,,,,42052,
P5141,2,coastline'@en,0,,,,,,,,,,137,
P5167,2,vehicles per thousand people'@en,0,,,,,,,,,,130,
P5191,2,derived from lexeme'@en,0,,,,,,,,,,13,
P555,2,doubles record'@en,0,,,,,,,,,,3965,
P5564,2,registration district'@en,0,,,,,,,,,,3,
P5582,2,number of arrests'@en,0,,,,,,,,,,202,
P5589,2,microstructure'@en,0,,,,,,,,,,5,
P564,2,singles record'@en,0,,,,,,,,,,3988,
P5708,2,force'@en,0,,,,,,,,,,14,
P5881,2,projection designer'@en,0,,,,,,,,,,4,
P589,2,point group'@en,0,,,,,,,,,,274,
P5895,2,foreign transaction fee'@en,0,,,,,,,,,,51,
P5910,2,ENI number'@en,0,,,,,,,,,,316,
P5961,2,depicted part'@en,0,,,,,,,,,,6,
P5962,2,sail emblem'@en,0,,,,,,,,,,168,
P6000,2,water footprint'@en,0,,,,,,,,,,16,
P619,2,UTC date of spacecraft launch'@en,0,,,,,,,,,,6966,
P6237,2,real estate developer'@en,0,,,,,,,,,,91,
P6259,2,epoch'@en,0,,,,,,,,,,8076533,
P6339,2,reports periodicity'@en,0,,,,,,,,,,18159,
P6533,2,type of front suspension'@en,0,,,,,,,,,,82,
P6540,2,multi-channel network'@en,0,,,,,,,,,,44,
P6591,2,maximum temperature record'@en,0,,,,,,,,,,264,
P6884,2,target muscle'@en,0,,,,,,,,,,3,
P6939,2,moved by'@en,0,,,,,,,,,,10,
P7008,2,unabbreviated text'@en,0,,,,,,,,,,5,
P7104,2,end of covered period'@en,0,,,,,,,,,,20108,
P7169,2,substitute director/manager'@en,0,,,,,,,,,,16,
P7174,2,school class'@en,0,,,,,,,,,,4,
P7243,2,pronunciation'@en,0,,,,,,,,,,47,
P7406,2,style of karate'@en,0,,,,,,,,,,31,
P7407,2,name (image)'@en,0,,,,,,,,,,10,
P7457,2,creator\'s signature'@en,0,,,,,,,,,,196,
P7510,2,XML namespace'@en,0,,,,,,,,,,84,
P7573,2,IFCO rating'@en,0,,,,,,,,,,836,
P7589,2,enacted date'@en,0,,,,,,,,,,10050,
P7727,2,legislative committee'@en,0,,,,,,,,,,124954,
P7763,2,copyright status as a creator'@en,0,,,,,,,,,,364458,
P7867,2,category for maps'@en,0,,,,,,,,,,15850,
P795,2,located on linear feature'@en,0,,,,,,,,,,1519,
P7971,2,food energy'@en,0,,,,,,,,,,22,
P8004,2,ordered by'@en,0,,,,,,,,,,15,
P8093,2,donations'@en,0,,,,,,,,,,18834,
P8183,2,general property-based URL formatter'@en,0,,,,,,,,,,2,
P8265,2,based on tabular data'@en,0,,,,,,,,,,12,
P8363,2,study type'@en,0,,,,,,,,,,349390,
P8627,2,closing time'@en,0,,,,,,,,,,14,
P8667,2,twin town sign'@en,0,,,,,,,,,,39,
P8693,2,fandom'@en,0,,,,,,,,,,67,
P8745,2,check-in time'@en,0,,,,,,,,,,2526,
P8746,2,check-out time'@en,0,,,,,,,,,,2528,
P8810,2,parent'@en,0,,,,,,,,,,20,
P8866,2,has operator'@en,0,,,,,,,,,,7,
P9030,2,solution to'@en,0,,,,,,,,,,15,
P9107,2,number of vaccinations'@en,0,,,,,,,,,,949,
P9214,2,FAQ URL'@en,0,,,,,,,,,,389,
P926,2,postsynaptic connection'@en,0,,,,,,,,,,7,
P928,2,activating neurotransmitter'@en,0,,,,,,,,,,15,
P929,2,color space'@en,0,,,,,,,,,,2,
P9361,2,external georeferencing URL'@en,0,,,,,,,,,,443,
P9382,2,Unicode character name'@en,0,,,,,,,,,,144701,
P9664,2,named place on map'@en,0,,,,,,,,,,2,
P9745,2,translation of'@en,0,,,,,,,,,,430,
P9810,2,remix of'@en,0,,,,,,,,,,89,
P9908,2,Hardy\'s Guide to Marine Gastropods URL'@en,0,,,,,,,,,,16,
P9926,2,template populates category'@en,0,,,,,,,,,,27,
P10649,1,number of likes'@en,0,,,,,,,,,,29,
P10655,1,oeconym'@en,0,,,,,,,,,,36,
P1198,1,unemployment rate'@en,0,,,,,,,,,,535,
P1279,1,inflation rate'@en,0,,,,,,,,,,5602,
P1345,1,number of victims of killer'@en,0,,,,,,,,,,220,
P1660,1,has index case'@en,0,,,,,,,,,,27,
P2113,1,sublimation temperature'@en,0,,,,,,,,,,30,
P2201,1,electric dipole moment'@en,0,,,,,,,,,,62,
P2259,1,mobile network code'@en,0,,,,,,,,,,433,
P2351,1,number of graves'@en,0,,,,,,,,,,740,
P2366,1,Roman agnomen'@en,0,,,,,,,,,,46,
P238,1,IATA airport code'@en,0,,,,,,,,,,8942,
P2404,1,time-weighted average exposure limit'@en,0,,,,,,,,,,862,
P2417,1,stage classification'@en,0,,,,,,,,,,48908,
P2430,1,takeoff roll'@en,0,,,,,,,,,,9,
P2822,1,by-product of'@en,0,,,,,,,,,,37,
P2919,1,label in sign language'@en,0,,,,,,,,,,316,
P2999,1,age of consent'@en,0,,,,,,,,,,20,
P3387,1,minimum frequency of audible sound'@en,0,,,,,,,,,,14,
P3465,1,maximum frequency of audible sound'@en,0,,,,,,,,,,14,
P3493,1,legal status (medicine)'@en,0,,,,,,,,,,20,
P3618,1,base salary'@en,0,,,,,,,,,,160,
P3740,1,number of works'@en,0,,,,,,,,,,58,
P3994,1,racon signal'@en,0,,,,,,,,,,272,
P4218,1,shelf life'@en,0,,,,,,,,,,12,
P4501,1,albedo'@en,0,,,,,,,,,,23300,
P4506,1,Formal Public Identifier'@en,0,,,,,,,,,,19,
P4998,1,key press'@en,0,,,,,,,,,,304,
P5192,1,Wikidata property example for lexemes'@en,0,,,,,,,,,,263,
P5204,1,date of commercialization'@en,0,,,,,,,,,,412,
P5205,1,stroke count'@en,0,,,,,,,,,,2458,
P5436,1,number of viewers'@en,0,,,,,,,,,,374,
P5896,1,trading fee'@en,0,,,,,,,,,,14,
P5977,1,Wikidata property example for senses'@en,0,,,,,,,,,,49,
P6509,1,total goals in career'@en,0,,,,,,,,,,12385,
P6685,1,Wikidata property example for media'@en,0,,,,,,,,,,147,
P7095,1,end grade'@en,0,,,,,,,,,,3729,
P8049,1,number of hospitalized cases'@en,0,,,,,,,,,,1518,
P8224,1,molecular model or crystal lattice model'@en,0,,,,,,,,,,1818,
P8874,1,Hong Kong film rating'@en,0,,,,,,,,,,453,
P8887,1,water area'@en,0,,,,,,,,,,5673,
P9748,1,Wikimedia Incubator URL'@en,0,,,,,,,,,,92,
P9924,1,number of evacuated'@en,0,,,,,,,,,,9,
P9946,1,date of probate'@en,0,,,,,,,,,,17,
,41403950,,,,,,,,,,,,,