Predicate,Count,Label,Frequency,,Accumulated Freq,,,,,,,,,
P1215,32818000,apparent magnitude'@en,36,,36,,,,,,,,33122376,"99,08"
P528,22169427,catalog code'@en,"24,32",,"60,32",,,,,,,,28738709,"77,14"
P2215,8207274,proper motion'@en,9,,"69,32",,,,,,,,8207685,"99,99"
P684,4303949,ortholog'@en,"4,72",,"74,04",,,,,,,,4320909,"99,61"
P1087,2866017,Elo rating'@en,"3,14",,"77,18",,,,,,,,2887921,"99,24"
P1082,2010622,population'@en,"2,21",,"79,39",,,,,,,,2362056,"85,12"
P680,1058852,molecular function'@en,"1,16",,"80,55",,,,,,,,1210127,"87,5"
P682,1027254,biological process'@en,"1,13",,"81,68",,,,,,,,1194153,"86,02"
P54,964799,member of sports team'@en,"1,06",,"82,74",,,,,,,,1549413,"62,27"
P5572,864211,expressed in'@en,"0,95",TOP-10,"83,69",,,,,,,,883176,"97,85"
P681,769641,cell component'@en,"0,84",,"84,53",,,,,,,,899719,"85,54"
P421,761055,located in time zone'@en,"0,83",,"85,36",,,,,,,,2016829,"37,74"
P39,728352,position held'@en,"0,8",,"86,16",,,,,,,,1485766,"49,02"
P31,680822,instance of'@en,"0,75",,"86,91",,,,,,,,59717980,"1,14"
P953,639488,full work available at URL'@en,"0,7",,"87,61",,,,,,,,1142434,"55,98"
P50,530318,author'@en,"0,58",,"88,19",,,,,,,,1635488,"32,43"
P131,524419,located in the administrative territorial entity'@en,"0,58",,"88,77",,,,,,,,11371144,"4,61"
P108,440496,employer'@en,"0,48",,"89,25",,,,,,,,1635050,"26,94"
P8687,423467,social media followers'@en,"0,46",,"89,71",,,,,,,,473862,"89,37"
P527,404494,has part or parts'@en,"0,44",,"90,15",,,,,,,,1947505,"20,77"
P186,326248,made from material'@en,"0,36",,,,,,,,,,1333739,"24,46"
P735,323588,given name'@en,"0,36",,,,,,,,,,6824771,"4,74"
P69,321627,educated at'@en,"0,35",,,,,,,,,,2285190,"14,07"
P710,314426,participant'@en,"0,34",,,,,,,,,,432740,"72,66"
P1344,294546,participant in'@en,"0,32",,,,,,,,,,694612,"42,4"
P166,293996,award received'@en,"0,32",,,,,,,,,,1365099,"21,54"
P1343,256285,described by source'@en,"0,28",,,,,,,,,,857017,"29,9"
P348,253011,software version identifier'@en,"0,28",,,,,,,,,,271937,"93,04"
P793,216964,significant event'@en,"0,24",,,,,,,,,,460703,"47,09"
P161,161931,cast member'@en,"0,18",,,,,,,,,,1429924,"11,32"
P197,157078,adjacent station'@en,"0,17",,,,,,,,,,214327,"73,29"
P27,151328,country of citizenship'@en,"0,17",,,,,,,,,,4494645,"3,37"
P734,148783,family name'@en,"0,16",,,,,,,,,,4010661,"3,71"
P3872,146886,patronage'@en,"0,16",,,,,,,,,,147920,"99,3"
P1346,137702,winner'@en,"0,15",,,,,,,,,,248636,"55,38"
P2093,132724,author name string'@en,"0,15",,,,,,,,,,398874,"33,27"
P4080,131091,number of houses'@en,"0,14",,,,,,,,,,148380,"88,35"
P921,128287,main subject'@en,"0,14",,,,,,,,,,1158408,"11,07"
P1603,122981,number of cases'@en,"0,13",,,,,,,,,,123727,"99,4"
P106,113544,occupation'@en,"0,12",,,,,,,,,,9608349,"1,18"
P1540,109276,male population'@en,"0,12",,,,,,,,,,247205,"44,2"
P1539,109238,female population'@en,"0,12",,,,,,,,,,247166,"44,2"
P1538,108035,number of households'@en,"0,12",,,,,,,,,,247745,"43,61"
P180,106165,depicts'@en,"0,12",,,,,,,,,,619426,"17,14"
P1120,103393,number of deaths'@en,"0,11",,,,,,,,,,115701,"89,36"
P2046,94644,area'@en,"0,1",,,,,,,,,,684428,"13,83"
P1923,89303,participating team'@en,"0,1",,,,,,,,,,161213,"55,39"
P26,86561,spouse'@en,"0,09",,,,,,,,,,732347,"11,82"
P726,86072,candidate'@en,"0,09",,,,,,,,,,90394,"95,22"
P2321,82753,general classification of race participants'@en,"0,09",,,,,,,,,,82977,
P625,81805,coordinate location'@en,"0,09",,,,,,,,,,9267000,
P1128,81459,employees'@en,"0,09",,,,,,,,,,99061,
P3602,79737,candidacy in election'@en,"0,09",,,,,,,,,,159703,
P1598,77113,consecrator'@en,"0,08",,,,,,,,,,85111,
P1889,76215,different from'@en,"0,08",,,,,,,,,,811803,
P6499,74597,literate population'@en,"0,08",,,,,,,,,,92809,
P6498,74185,illiterate population'@en,"0,08",,,,,,,,,,92806,
P7256,71556,computer performance'@en,"0,08",,,,,,,,,,73493,
P856,68152,official website'@en,"0,07",,,,,,,,,,1609856,
P1352,65786,ranking'@en,"0,07",,,,,,,,,,66720,
P1448,65469,official name'@en,"0,07",,,,,,,,,,1590456,
P577,65188,publication date'@en,"0,07",,,,,,,,,,2536217,
P47,62873,shares border with'@en,"0,07",,,,,,,,,,606626,
P5630,58878,prisoner count'@en,"0,06",,,,,,,,,,60149,
P444,57933,review score'@en,"0,06",,,,,,,,,,99651,
P973,57432,described at URL'@en,"0,06",,,,,,,,,,728460,
P195,55845,collection'@en,"0,06",,,,,,,,,,1973867,
P1111,53195,votes received'@en,"0,06",,,,,,,,,,53295,
P2789,51717,connects with'@en,"0,06",,,,,,,,,,185359,
P2302,51662,property constraint'@en,"0,06",,,,,,,,,,62692,
P460,51417,said to be the same as'@en,"0,06",,,,,,,,,,287695,
P1174,51011,visitors per year'@en,"0,06",,,,,,,,,,55154,
P2139,49007,total revenue'@en,"0,05",,,,,,,,,,54380,
P2124,48896,member count'@en,"0,05",,,,,,,,,,54679,
P2417,48789,stage classification'@en,"0,05",,,,,,,,,,48908,
P645,48688,genomic end'@en,"0,05",,,,,,,,,,1060292,
P644,48685,genomic start'@en,"0,05",,,,,,,,,,1060289,
P1435,48312,heritage designation'@en,"0,05",,,,,,,,,,2104249,
P3295,44555,code'@en,"0,05",,,,,,,,,,46442,
P18,43992,image'@en,"0,05",,,,,,,,,,4423081,
P217,42747,inventory number'@en,"0,05",,,,,,,,,,1161024,
P127,39763,owned by'@en,"0,04",,,,,,,,,,469612,
P463,39733,member of'@en,"0,04",,,,,,,,,,444593,
P1411,39373,nominated for'@en,"0,04",,,,,,,,,,68941,
P569,38503,date of birth'@en,"0,04",,,,,,,,,,5793113,
P559,35759,terminus'@en,"0,04",,,,,,,,,,61172,
P361,32774,part of'@en,"0,04",,,,,,,,,,4397806,
P2561,29803,name'@en,"0,03",,,,,,,,,,206137,
P674,29489,characters'@en,"0,03",,,,,,,,,,125900,
P1433,29365,published in'@en,"0,03",,,,,,,,,,1229643,
P17,27136,country'@en,"0,03",,,,,,,,,,14996553,
P725,25863,voice actor'@en,"0,03",,,,,,,,,,65122,
P1855,25329,Wikidata property example'@en,"0,03",,,,,,,,,,26792,
P937,25146,work location'@en,"0,03",,,,,,,,,,341839,
P1038,24924,relative'@en,"0,03",,,,,,,,,,53332,
P658,24588,tracklist'@en,"0,03",,,,,,,,,,34520,
P1114,23507,quantity'@en,"0,03",,,,,,,,,,30684,
P1365,23381,replaces'@en,"0,03",,,,,,,,,,86406,
P407,22985,language of work or name'@en,"0,03",,,,,,,,,,2742164,
P175,22521,performer'@en,"0,02",,,,,,,,,,504429,
P570,21588,date of death'@en,"0,02",,,,,,,,,,2926895,
P102,20937,member of political party'@en,"0,02",,,,,,,,,,502634,
P7938,20805,associated electoral district'@en,"0,02",,,,,,,,,,63036,
P2568,19411,repealed by'@en,"0,02",,,,,,,,,,32549,
P6343,17972,urban population'@en,"0,02",,,,,,,,,,20290,
P6339,17767,reports periodicity'@en,"0,02",,,,,,,,,,18159,
P8010,17397,number of recoveries'@en,"0,02",,,,,,,,,,17629,
P3494,17308,points classification'@en,"0,02",,,,,,,,,,17351,
P179,17284,part of the series'@en,"0,02",,,,,,,,,,750841,
P3373,17262,sibling'@en,"0,02",,,,,,,,,,411175,
P2860,17195,cites work'@en,"0,02",,,,,,,,,,116175,
P7588,17191,effective date'@en,"0,02",,,,,,,,,,47204,
P6,16832,head of government'@en,"0,02",,,,,,,,,,38273,
P272,15879,production company'@en,"0,02",,,,,,,,,,120117,
P512,15678,academic degree'@en,"0,02",,,,,,,,,,136844,
P767,15108,contributor to the creative work or subject'@en,"0,02",,,,,,,,,,41234,
P5021,15027,assessment'@en,"0,02",,,,,,,,,,25886,
P1831,14872,electorate'@en,"0,02",,,,,,,,,,31394,
P150,14807,contains administrative territorial entity'@en,"0,02",,,,,,,,,,1046411,
P488,14718,chairperson'@en,"0,02",,,,,,,,,,31862,
P551,14514,residence'@en,"0,02",,,,,,,,,,291467,
P6344,14448,rural population'@en,"0,02",,,,,,,,,,15443,
P2962,13108,title of chess person'@en,"0,01",,,,,,,,,,31278,
P1549,12902,demonym'@en,"0,01",,,,,,,,,,29404,
P8843,12057,poverty incidence'@en,"0,01",,,,,,,,,,12062,
P1308,12008,officeholder'@en,"0,01",,,,,,,,,,17797,
P747,11716,has edition or translation'@en,"0,01",,,,,,,,,,87773,
P571,11705,inception'@en,"0,01",,,,,,,,,,2538835,
P1366,11696,replaced by'@en,"0,01",,,,,,,,,,87375,
P410,11595,military rank'@en,"0,01",,,,,,,,,,158704,
P1325,11563,external data available at'@en,"0,01",,,,,,,,,,25387,
P609,11518,terminus location'@en,"0,01",,,,,,,,,,33758,
P185,11447,doctoral student'@en,"0,01",,,,,,,,,,298171,
P859,11190,sponsor'@en,"0,01",,,,,,,,,,135579,
P3497,10981,teams classification by time'@en,"0,01",,,,,,,,,,10991,
P996,10762,document file on Wikimedia Commons'@en,"0,01",,,,,,,,,,166205,
P279,10707,subclass of'@en,"0,01",,,,,,,,,,3296313,
P2048,10639,height'@en,"0,01",,,,,,,,,,889872,
P190,10526,twinned administrative body'@en,"0,01",,,,,,,,,,48991,
P4320,10453,mountains classification'@en,"0,01",,,,,,,,,,10472,
P3643,9783,significant environmental impact'@en,"0,01",,,,,,,,,,13033,
P370,9655,Sandbox-String'@en,"0,01",,,,,,,,,,12639,
P276,9631,location'@en,"0,01",,,,,,,,,,2613926,
P137,9620,operator'@en,"0,01",,,,,,,,,,541793,
P2440,9608,transliteration'@en,"0,01",,,,,,,,,,22050,
P1705,9571,native label'@en,"0,01",,,,,,,,,,838882,
P991,9556,successful candidate'@en,"0,01",,,,,,,,,,23318,
P2131,9438,nominal GDP'@en,"0,01",,,,,,,,,,9538,
P4323,9365,young rider classification'@en,"0,01",,,,,,,,,,9373,
P2132,9306,nominal GDP per capita'@en,"0,01",,,,,,,,,,9350,
P8093,9183,donations'@en,"0,01",,,,,,,,,,18834,
P443,9093,pronunciation audio'@en,"0,01",,,,,,,,,,75467,
P2670,8948,has part(s) of the class'@en,"0,01",,,,,,,,,,39166,
P669,8873,located on street'@en,"0,01",,,,,,,,,,173010,
P2049,8190,width'@en,"0,01",,,,,,,,,,669364,
P40,7859,child'@en,"0,01",,,,,,,,,,1563655,
P1813,7783,short name'@en,"0,01",,,,,,,,,,195756,
P170,7742,creator'@en,"0,01",,,,,,,,,,871782,
P2134,7676,total reserves'@en,"0,01",,,,,,,,,,7696,
P4150,7660,weather history'@en,"0,01",,,,,,,,,,16135,
P286,7596,head coach'@en,"0,01",,,,,,,,,,54110,
P118,7591,league'@en,"0,01",,,,,,,,,,192837,
P129,7566,physically interacts with'@en,"0,01",,,,,,,,,,9484,
P1081,7538,Human Development Index'@en,"0,01",,,,,,,,,,13081,
P1132,7504,number of participants'@en,"0,01",,,,,,,,,,425505,
P750,7404,distributed by'@en,"0,01",,,,,,,,,,155897,
P530,6659,diplomatic relation'@en,"0,01",,,,,,,,,,7037,
P3424,6602,Polish cultural heritage register number'@en,"0,01",,,,,,,,,,69534,
P1476,6583,title'@en,"0,01",,,,,,,,,,4026695,
P138,6472,named after'@en,"0,01",,,,,,,,,,375152,
P8011,6470,number of medical tests'@en,"0,01",,,,,,,,,,6539,
P1037,6000,director / manager'@en,"0,01",,,,,,,,,,16759,
P2067,5962,mass'@en,"0,01",,,,,,,,,,342930,
P3342,5895,significant person'@en,"0,01",,,,,,,,,,16414,
P1382,5852,partially coincident with'@en,"0,01",,,,,,,,,,18261,
P2044,5731,elevation above sea level'@en,"0,01",,,,,,,,,,1351212,
P2196,5715,students count'@en,"0,01",,,,,,,,,,70825,
P1279,5586,inflation rate'@en,"0,01",,,,,,,,,,5602,
P1891,5562,signatory'@en,"0,01",,,,,,,,,,17281,
P1441,5526,present in work'@en,"0,01",,,,,,,,,,128959,
P2043,5393,length'@en,"0,01",,,,,,,,,,263736,
P98,5382,editor'@en,"0,01",,,,,,,,,,31816,
P840,5368,narrative location'@en,"0,01",,,,,,,,,,91836,
P159,5350,headquarters location'@en,"0,01",,,,,,,,,,437931,
P2299,5255,PPP GDP per capita'@en,"0,01",,,,,,,,,,5264,
P800,5247,notable work'@en,"0,01",,,,,,,,,,95659,
P4010,5223,GDP (PPP)'@en,"0,01",,,,,,,,,,5228,
P2632,5085,place of detention'@en,"0,01",,,,,,,,,,149652,
P366,5025,has use'@en,"0,01",,,,,,,,,,92867,
P452,4970,industry'@en,"0,01",,,,,,,,,,114173,
P1685,4911,Pokédex / Pokémon browser number'@en,"0,01",,,,,,,,,,5019,
P1454,4899,legal form'@en,"0,01",,,,,,,,,,233681,
P4330,4863,contains'@en,"0,01",,,,,,,,,,8369,
P5236,4769,prime factor'@en,"0,01",,,,,,,,,,151202,
P1410,4745,number of seats in legislature'@en,"0,01",,,,,,,,,,13461,
P3092,4710,film crew member'@en,"0,01",,,,,,,,,,4961,
P971,4681,category combines topics'@en,"0,01",,,,,,,,,,2319814,
P816,4510,decays to'@en,0,,,,,,,,,,7183,
P6087,4505,coach of sports team'@en,0,,,,,,,,,,12028,
P123,4388,publisher'@en,0,,,,,,,,,,290842,
P529,4343,runway'@en,0,,,,,,,,,,12307,
P1376,4284,capital of'@en,0,,,,,,,,,,85565,
P608,4135,exhibition history'@en,0,,,,,,,,,,26831,
P2802,4131,fleet or registration number'@en,0,,,,,,,,,,7305,
P2403,3975,total assets'@en,0,,,,,,,,,,7705,
P2635,3881,number of parts of this work'@en,0,,,,,,,,,,48276,
P1324,3867,source code repository'@en,0,,,,,,,,,,16603,
P154,3789,logo image'@en,0,,,,,,,,,,107942,
P7235,3769,in defining formula'@en,0,,,,,,,,,,3898,
P1684,3767,inscription'@en,0,,,,,,,,,,44978,
P355,3747,subsidiary'@en,0,,,,,,,,,,93775,
P2250,3724,life expectancy'@en,0,,,,,,,,,,3796,
P176,3684,manufacturer'@en,0,,,,,,,,,,134768,
P10032,3683,Museu da Pessoa History'@en,0,,,,,,,,,,13903,
P466,3642,occupant'@en,0,,,,,,,,,,34859,
P360,3633,is a list of'@en,0,,,,,,,,,,249892,
P97,3511,noble title'@en,0,,,,,,,,,,55386,
P2293,3444,genetic association'@en,0,,,,,,,,,,12579,
P86,3323,composer'@en,0,,,,,,,,,,189590,
P1416,3319,affiliation'@en,0,,,,,,,,,,87975,
P2295,3289,net profit'@en,0,,,,,,,,,,4806,
P487,3243,Unicode character'@en,0,,,,,,,,,,158921,
P4841,3232,total fertility rate'@en,0,,,,,,,,,,3252,
P1350,3179,number of matches played/races/starts'@en,0,,,,,,,,,,43682,
P462,3093,color'@en,0,,,,,,,,,,196633,
P6125,3017,number of volunteers'@en,0,,,,,,,,,,4888,
P485,2957,archives at'@en,0,,,,,,,,,,77825,
P2354,2954,has list'@en,0,,,,,,,,,,32891,
P2079,2935,fabrication method'@en,0,,,,,,,,,,127100,
P676,2798,lyrics by'@en,0,,,,,,,,,,42037,
P81,2788,connecting line'@en,0,,,,,,,,,,113134,
P2239,2748,first aid measures'@en,0,,,,,,,,,,2825,
P398,2748,child astronomical body'@en,0,,,,,,,,,,8772,
P749,2734,parent organization'@en,0,,,,,,,,,,123208,
P281,2682,postal code'@en,0,,,,,,,,,,1908017,
P121,2668,item operated'@en,0,,,,,,,,,,13351,
P912,2643,has facility'@en,0,,,,,,,,,,19718,
P6942,2632,animator'@en,0,,,,,,,,,,4161,
P2894,2606,day of week'@en,0,,,,,,,,,,192745,
P6193,2601,ratified by'@en,0,,,,,,,,,,2635,
P2137,2600,total equity'@en,0,,,,,,,,,,3302,
P3362,2542,operating income'@en,0,,,,,,,,,,3159,
P84,2483,architect'@en,0,,,,,,,,,,76135,
P580,2420,start time'@en,0,,,,,,,,,,650639,
P1830,2401,owner of'@en,0,,,,,,,,,,45961,
P371,2334,presenter'@en,0,,,,,,,,,,36385,
P5140,2333,coordinates of geographic center'@en,0,,,,,,,,,,42052,
P4791,2290,commanded by'@en,0,,,,,,,,,,3720,
P3320,2287,board member'@en,0,,,,,,,,,,4851,
P974,2269,tributary'@en,0,,,,,,,,,,72253,
P2522,2218,victory'@en,0,,,,,,,,,,18483,
P1363,2213,points/goal scored by'@en,0,,,,,,,,,,2444,
P241,2210,military branch'@en,0,,,,,,,,,,115630,
P1532,2167,country for sport'@en,0,,,,,,,,,,206642,
P155,2165,follows'@en,0,,,,,,,,,,1133500,
P433,2147,issue'@en,0,,,,,,,,,,119330,
P607,2144,conflict'@en,0,,,,,,,,,,224219,
P742,2068,pseudonym'@en,0,,,,,,,,,,64061,
P6375,2043,street address'@en,0,,,,,,,,,,1276158,
P36,2010,capital'@en,0,,,,,,,,,,115764,
P2769,2006,budget'@en,0,,,,,,,,,,7230,
P585,1998,point in time'@en,0,,,,,,,,,,867493,
P582,1995,end time'@en,0,,,,,,,,,,564031,
P156,1976,followed by'@en,0,,,,,,,,,,1125386,
P2868,1965,subject has role'@en,0,,,,,,,,,,355223,
P1029,1964,crew member(s)'@en,0,,,,,,,,,,2998,
P3457,1963,case fatality rate'@en,0,,,,,,,,,,2569,
P2573,1896,number of out-of-school children'@en,0,,,,,,,,,,1908,
P1449,1891,nickname'@en,0,,,,,,,,,,36082,
P1594,1859,judge'@en,0,,,,,,,,,,9986,
P449,1850,original broadcaster'@en,0,,,,,,,,,,96348,
P1436,1809,collection or exhibition size'@en,0,,,,,,,,,,481891,
P437,1806,distribution format'@en,0,,,,,,,,,,212216,
P641,1801,sport'@en,0,,,,,,,,,,1910674,
P2929,1798,lighthouse range'@en,0,,,,,,,,,,7257,
P7084,1774,related category'@en,0,,,,,,,,,,16320,
P4511,1712,vertical depth'@en,0,,,,,,,,,,23907,
P1552,1711,has quality'@en,0,,,,,,,,,,69339,
P169,1701,chief executive officer'@en,0,,,,,,,,,,5611,
P618,1701,source of energy'@en,0,,,,,,,,,,6187,
P2402,1700,total expenditure'@en,0,,,,,,,,,,3876,
P1373,1678,daily patronage'@en,0,,,,,,,,,,4466,
P414,1657,stock exchange'@en,0,,,,,,,,,,13410,
P780,1655,symptoms and signs'@en,0,,,,,,,,,,10916,
P1630,1649,formatter URL'@en,0,,,,,,,,,,8375,
P451,1595,unmarried partner'@en,0,,,,,,,,,,14280,
P521,1593,scheduled service destination'@en,0,,,,,,,,,,1730,
P3922,1577,light sector'@en,0,,,,,,,,,,1785,
P20,1575,place of death'@en,0,,,,,,,,,,1223012,
P242,1562,locator map image'@en,0,,,,,,,,,,219948,
P2094,1553,competition class'@en,0,,,,,,,,,,214951,
P8049,1508,number of hospitalized cases'@en,0,,,,,,,,,,1518,
P304,1505,page(s)'@en,0,,,,,,,,,,177437,
P4322,1496,best sprinter classification'@en,0,,,,,,,,,,1502,
P140,1466,religion or worldview'@en,0,,,,,,,,,,450242,
P264,1463,record label'@en,0,,,,,,,,,,341546,
P9161,1430,thesis committee member'@en,0,,,,,,,,,,9725,
P296,1415,station code'@en,0,,,,,,,,,,37116,
P115,1408,home venue'@en,0,,,,,,,,,,44243,
P3822,1385,rules for classification'@en,0,,,,,,,,,,1440,
P520,1361,armament'@en,0,,,,,,,,,,5615,
P119,1336,place of burial'@en,0,,,,,,,,,,233721,
P531,1333,diplomatic mission sent'@en,0,,,,,,,,,,1725,
P1075,1328,rector'@en,0,,,,,,,,,,1978,
P2142,1326,box office'@en,0,,,,,,,,,,3938,
P1056,1293,product or material produced'@en,0,,,,,,,,,,46247,
P1619,1291,date of official opening'@en,0,,,,,,,,,,132537,
P5323,1264,attested in'@en,0,,,,,,,,,,118445,
P6216,1263,copyright status'@en,0,,,,,,,,,,1580247,
P2238,1241,official symbol'@en,0,,,,,,,,,,1422,
P9279,1215,Egapro gender equality index'@en,0,,,,,,,,,,1491,
P22,1208,father'@en,0,,,,,,,,,,958162,
P2283,1202,uses'@en,0,,,,,,,,,,24164,
P136,1177,genre'@en,0,,,,,,,,,,1508670,
P1399,1175,convicted of'@en,0,,,,,,,,,,10581,
P35,1173,head of state'@en,0,,,,,,,,,,1991,
P598,1164,commander of (DEPRECATED)'@en,0,,,,,,,,,,9974,
P5286,1157,Portable Game Notation'@en,0,,,,,,,,,,1236,
P19,1149,place of birth'@en,0,,,,,,,,,,3064487,
P58,1149,screenwriter'@en,0,,,,,,,,,,189530,
P1030,1139,light characteristic'@en,0,,,,,,,,,,8113,
P1559,1134,name in native language'@en,0,,,,,,,,,,593970,
P5800,1132,narrative role'@en,0,,,,,,,,,,4782,
P8476,1113,BTI Governance Index'@en,0,,,,,,,,,,1113,
P1782,1111,courtesy name'@en,0,,,,,,,,,,6981,
P1750,1104,name day'@en,0,,,,,,,,,,3456,
P2547,1103,perimeter'@en,0,,,,,,,,,,53051,
P8477,1100,BTI Status Index'@en,0,,,,,,,,,,1100,
P1110,1086,attendance'@en,0,,,,,,,,,,26079,
P41,1082,flag image'@en,0,,,,,,,,,,46428,
P553,1043,website account on'@en,0,,,,,,,,,,2380,
P184,1041,doctoral advisor'@en,0,,,,,,,,,,303776,
P1787,1020,art-name'@en,0,,,,,,,,,,2581,
P411,1018,canonization status'@en,0,,,,,,,,,,11522,
P1998,1008,UCI code of cycling team'@en,0,,,,,,,,,,8446,
P2386,1002,diameter'@en,0,,,,,,,,,,27800,
P3496,997,teams classification by points'@en,0,,,,,,,,,,1000,
P1026,982,academic thesis'@en,0,,,,,,,,,,19504,
P4969,982,derivative work'@en,0,,,,,,,,,,20204,
P291,970,place of publication'@en,0,,,,,,,,,,298575,
P1192,960,connecting service'@en,0,,,,,,,,,,42325,
P3025,955,open days'@en,0,,,,,,,,,,3905,
P1104,943,number of pages'@en,0,,,,,,,,,,120324,
P9107,938,number of vaccinations'@en,0,,,,,,,,,,949,
P2416,927,sports discipline competed in'@en,0,,,,,,,,,,49817,
P3301,923,broadcast by'@en,0,,,,,,,,,,7581,
P3354,907,positive therapeutic predictor'@en,0,,,,,,,,,,1291,
P450,900,astronaut mission'@en,0,,,,,,,,,,1845,
P1875,899,represented by'@en,0,,,,,,,,,,8315,
P101,888,field of work'@en,0,,,,,,,,,,256974,
P1661,888,Alexa rank'@en,0,,,,,,,,,,4086,
P1001,879,applies to jurisdiction'@en,0,,,,,,,,,,947743,
P2365,871,Roman cognomen'@en,0,,,,,,,,,,3907,
P8047,859,country of registry'@en,0,,,,,,,,,,68761,
P4224,858,category contains'@en,0,,,,,,,,,,831015,
P2652,855,partnership with'@en,0,,,,,,,,,,3421,
P1327,841,partner in business or sport'@en,0,,,,,,,,,,17816,
P1412,827,"languages spoken, written or signed'@en",0,,,,,,,,,,2401376,
P468,819,dan/kyu rank'@en,0,,,,,,,,,,977,
P4876,818,number of records'@en,0,,,,,,,,,,3035,
P1680,797,subtitle'@en,0,,,,,,,,,,63911,
P1299,796,depicted by'@en,0,,,,,,,,,,11401,
P1824,791,road number'@en,0,,,,,,,,,,40264,
P479,781,input method'@en,0,,,,,,,,,,15270,
P400,780,platform'@en,0,,,,,,,,,,101380,
P162,777,producer'@en,0,,,,,,,,,,176485,
P915,777,filming location'@en,0,,,,,,,,,,32921,
P126,774,maintained by'@en,0,,,,,,,,,,529281,
P803,774,professorship'@en,0,,,,,,,,,,12638,
P7532,766,room number'@en,0,,,,,,,,,,887,
P6568,765,inscription mentions'@en,0,,,,,,,,,,1783,
P898,765,IPA transcription'@en,0,,,,,,,,,,5991,
P1066,762,student of'@en,0,,,,,,,,,,87659,
P798,761,military designation'@en,0,,,,,,,,,,1751,
P2598,757,serial number'@en,0,,,,,,,,,,3807,
P1083,756,maximum capacity'@en,0,,,,,,,,,,25021,
P942,754,theme music'@en,0,,,,,,,,,,3995,
P4044,749,therapeutic area'@en,0,,,,,,,,,,1331,
P516,744,powered by'@en,0,,,,,,,,,,11206,
P1542,735,has effect'@en,0,,,,,,,,,,5841,
P2936,735,language used'@en,0,,,,,,,,,,43130,
P2284,716,price'@en,0,,,,,,,,,,3408,
P94,703,coat of arms image'@en,0,,,,,,,,,,137350,
P5769,702,editor-in-chief'@en,0,,,,,,,,,,2425,
P1312,701,has facet polytope'@en,0,,,,,,,,,,1092,
P2138,700,total liabilities'@en,0,,,,,,,,,,2405,
P1545,691,series ordinal'@en,0,,,,,,,,,,32178,
P2176,687,drug or therapy used for treatment'@en,0,,,,,,,,,,6993,
P870,685,instrumentation'@en,0,,,,,,,,,,8034,
P2572,683,hashtag'@en,0,,,,,,,,,,7499,
P1268,682,represents'@en,0,,,,,,,,,,5575,
P16,675,transport network'@en,0,,,,,,,,,,54047,
P189,675,location of discovery'@en,0,,,,,,,,,,26536,
P4324,672,combination classification'@en,0,,,,,,,,,,674,
P7779,672,military unit'@en,0,,,,,,,,,,2821,
P5607,667,located in the ecclesiastical territorial entity'@en,0,,,,,,,,,,60276,
P4895,660,time index'@en,0,,,,,,,,,,89836,
P14,656,traffic sign'@en,0,,,,,,,,,,20257,
P1240,651,Danish Bibliometric Research Indicator level'@en,0,,,,,,,,,,17728,
P2359,651,Roman nomen gentilicium'@en,0,,,,,,,,,,6534,
P178,646,developer'@en,0,,,,,,,,,,46378,
P57,646,director'@en,0,,,,,,,,,,333611,
P461,644,opposite of'@en,0,,,,,,,,,,24473,
P879,640,pennant number'@en,0,,,,,,,,,,3303,
P3355,637,negative therapeutic predictor'@en,0,,,,,,,,,,987,
P2844,625,incidence'@en,0,,,,,,,,,,632,
P5008,624,on focus list of Wikimedia project'@en,0,,,,,,,,,,620518,
P3828,617,wears'@en,0,,,,,,,,,,1931,
P958,612,"section, verse, paragraph, or clause'@en",0,,,,,,,,,,722,
P2175,610,medical condition treated'@en,0,,,,,,,,,,6971,
P9344,607,has graphical element'@en,0,,,,,,,,,,644,
P8413,595,academic appointment'@en,0,,,,,,,,,,3454,
P3975,580,secretary general'@en,0,,,,,,,,,,1431,
P5982,570,annual number of weddings'@en,0,,,,,,,,,,1332,
P275,567,copyright license'@en,0,,,,,,,,,,43729,
P579,567,IMA status and/or rank'@en,0,,,,,,,,,,6385,
P5753,566,ideographic description sequences'@en,0,,,,,,,,,,566,
P149,564,architectural style'@en,0,,,,,,,,,,139111,
P8875,564,indexed in bibliographic review'@en,0,,,,,,,,,,55432,
P6379,563,has works in the collection'@en,0,,,,,,,,,,320821,
P972,555,catalog'@en,0,,,,,,,,,,69183,
P1098,554,"number of speakers, writers, or signers'@en",0,,,,,,,,,,2346,
P3275,550,storyboard artist'@en,0,,,,,,,,,,707,
P708,548,diocese'@en,0,,,,,,,,,,142207,
P364,546,original language of film or TV show'@en,0,,,,,,,,,,352622,
P2144,544,frequency'@en,0,,,,,,,,,,4024,
P37,544,official language'@en,0,,,,,,,,,,21823,
P2555,538,fee'@en,0,,,,,,,,,,1492,
P2541,527,operating area'@en,0,,,,,,,,,,18168,
P112,515,founded by'@en,0,,,,,,,,,,74571,
P495,514,country of origin'@en,0,,,,,,,,,,1331505,
P5991,513,carbon footprint'@en,0,,,,,,,,,,631,
P511,505,honorific prefix'@en,0,,,,,,,,,,52472,
P3300,504,musical conductor'@en,0,,,,,,,,,,3693,
P2291,500,charted in'@en,0,,,,,,,,,,1612,
P1451,496,motto text'@en,0,,,,,,,,,,10005,
P837,496,day in year for periodic occurrence'@en,0,,,,,,,,,,3894,
P4844,495,research intervention'@en,0,,,,,,,,,,146974,
P2052,492,speed'@en,0,,,,,,,,,,12306,
P199,490,business division'@en,0,,,,,,,,,,1748,
P6509,488,total goals in career'@en,0,,,,,,,,,,12385,
P1342,487,number of seats'@en,0,,,,,,,,,,7522,
P2240,486,median lethal dose (LD50)'@en,0,,,,,,,,,,521,
P6872,481,has written for'@en,0,,,,,,,,,,3497,
P1581,479,official blog'@en,0,,,,,,,,,,7232,
P2664,477,units sold'@en,0,,,,,,,,,,928,
P532,477,port of registry'@en,0,,,,,,,,,,25685,
P4934,476,calculated from'@en,0,,,,,,,,,,576,
P1867,464,eligible voters'@en,0,,,,,,,,,,12796,
P38,459,currency'@en,0,,,,,,,,,,2107,
P225,456,taxon name'@en,0,,,,,,,,,,3603018,
P5555,456,schematic'@en,0,,,,,,,,,,5231,
P1050,454,medical condition'@en,0,,,,,,,,,,242080,
P4543,452,has listed ingredient'@en,0,,,,,,,,,,624,
P287,451,designed by'@en,0,,,,,,,,,,14607,
P2852,449,emergency phone number'@en,0,,,,,,,,,,628,
P576,446,"dissolved, abolished or demolished date'@en",0,,,,,,,,,,238720,
P2404,443,time-weighted average exposure limit'@en,0,,,,,,,,,,862,
P1329,434,phone number'@en,0,,,,,,,,,,141813,
P2047,434,duration'@en,0,,,,,,,,,,155346,
P8214,431,curriculum vitae'@en,0,,,,,,,,,,12563,
P1383,429,contains settlement'@en,0,,,,,,,,,,34078,
P4908,428,season'@en,0,,,,,,,,,,65428,
P5096,420,member of the crew of'@en,0,,,,,,,,,,1415,
P823,419,speaker'@en,0,,,,,,,,,,5337,
P945,417,allegiance'@en,0,,,,,,,,,,61317,
P930,414,type of electrification'@en,0,,,,,,,,,,5273,
P1814,413,name in kana'@en,0,,,,,,,,,,201408,
P1535,412,used by'@en,0,,,,,,,,,,9904,
P172,411,ethnic group'@en,0,,,,,,,,,,163214,
P706,410,located in/on physical feature'@en,0,,,,,,,,,,80488,
P1896,409,source website for the property'@en,0,,,,,,,,,,6776,
P664,406,organizer'@en,0,,,,,,,,,,90921,
P2415,405,personal best'@en,0,,,,,,,,,,1239,
P8328,402,Democracy Index'@en,0,,,,,,,,,,521,
P2699,393,URL'@en,0,,,,,,,,,,8987,
P426,387,aircraft registration'@en,0,,,,,,,,,,1067,
P3919,384,contributed to creative work'@en,0,,,,,,,,,,4364,
P3438,380,vehicle normally used'@en,0,,,,,,,,,,2900,
P2109,378,installed capacity'@en,0,,,,,,,,,,12154,
P1019,373,web feed URL'@en,0,,,,,,,,,,5705,
P2791,373,power consumed'@en,0,,,,,,,,,,538,
P10661,367,exhibited creator'@en,0,,,,,,,,,,797,
P1191,367,date of first performance'@en,0,,,,,,,,,,56901,
P4100,358,parliamentary group'@en,0,,,,,,,,,,1975,
P3450,356,sports season of league or competition'@en,0,,,,,,,,,,81904,
P2567,354,amended by'@en,0,,,,,,,,,,38200,
P611,352,religious order'@en,0,,,,,,,,,,33985,
P1748,349,NCI Thesaurus ID'@en,0,,,,,,,,,,12259,
P802,346,student'@en,0,,,,,,,,,,63495,
P2548,344,strand orientation'@en,0,,,,,,,,,,1045058,
P1671,333,route number'@en,0,,,,,,,,,,9962,
P3575,327,data size'@en,0,,,,,,,,,,1592,
P1092,321,total produced'@en,0,,,,,,,,,,14127,
P1618,321,sport number'@en,0,,,,,,,,,,25602,
P4184,319,slope'@en,0,,,,,,,,,,589,
P797,318,authority'@en,0,,,,,,,,,,9174,
P1064,316,track gauge'@en,0,,,,,,,,,,24630,
P2797,315,sound power level'@en,0,,,,,,,,,,326,
P989,315,spoken text audio'@en,0,,,,,,,,,,6493,
P1113,309,number of episodes'@en,0,,,,,,,,,,61888,
P3279,308,statistical leader'@en,0,,,,,,,,,,2785,
P7959,308,historic county'@en,0,,,,,,,,,,789732,
P1198,301,unemployment rate'@en,0,,,,,,,,,,535,
P92,300,main regulatory text'@en,0,,,,,,,,,,9398,
P8324,299,funder'@en,0,,,,,,,,,,1949,
P3864,295,suicide rate'@en,0,,,,,,,,,,301,
P5030,295,talk show guest'@en,0,,,,,,,,,,15629,
P2896,292,publication interval'@en,0,,,,,,,,,,5459,
P1621,291,detail map'@en,0,,,,,,,,,,5783,
P473,289,local dialing code'@en,0,,,,,,,,,,197152,
P5052,283,supervisory board member'@en,0,,,,,,,,,,792,
P25,282,mother'@en,0,,,,,,,,,,603918,
P5202,279,adapted by'@en,0,,,,,,,,,,2809,
P828,279,has cause'@en,0,,,,,,,,,,9408,
P2806,276,vibration'@en,0,,,,,,,,,,277,
P885,276,origin of the watercourse'@en,0,,,,,,,,,,13476,
P2408,274,set in period'@en,0,,,,,,,,,,7572,
P6275,274,copyright representative'@en,0,,,,,,,,,,81149,
P110,272,illustrator'@en,0,,,,,,,,,,13581,
P5460,272,grants'@en,0,,,,,,,,,,737,
P1181,265,numeric value'@en,0,,,,,,,,,,11944,
P8934,265,mailing list archive'@en,0,,,,,,,,,,500,
P4131,264,annual energy output'@en,0,,,,,,,,,,2029,
P237,263,coat of arms'@en,0,,,,,,,,,,10249,
P206,260,located in or next to body of water'@en,0,,,,,,,,,,78371,
P144,257,based on'@en,0,,,,,,,,,,53413,
P2505,257,carries'@en,0,,,,,,,,,,13801,
P636,257,route of administration'@en,0,,,,,,,,,,2999,
P8570,256,front and back matter'@en,0,,,,,,,,,,396,
P1547,255,depends on software'@en,0,,,,,,,,,,18947,
P53,253,family'@en,0,,,,,,,,,,90458,
P968,252,email address'@en,0,,,,,,,,,,154178,
P3085,251,qualifies for event'@en,0,,,,,,,,,,2908,
P4765,249,Commons compatible image available at URL'@en,0,,,,,,,,,,37737,
P1027,245,conferred by'@en,0,,,,,,,,,,15426,
P7153,245,significant place'@en,0,,,,,,,,,,9165,
P10,244,video'@en,0,,,,,,,,,,9001,
P1071,243,location of creation'@en,0,,,,,,,,,,83499,
P3148,242,repeals'@en,0,,,,,,,,,,28850,
P2259,240,mobile network code'@en,0,,,,,,,,,,433,
P5192,238,Wikidata property example for lexemes'@en,0,,,,,,,,,,263,
P478,237,volume'@en,0,,,,,,,,,,157132,
P3761,235,IPv4 routing prefix'@en,0,,,,,,,,,,2351,
P61,233,discoverer or inventor'@en,0,,,,,,,,,,84472,
P1031,230,legal citation of this text'@en,0,,,,,,,,,,557572,
P4152,230,file format identification pattern'@en,0,,,,,,,,,,9455,
P1339,229,number of injured'@en,0,,,,,,,,,,4455,
P2425,228,service ribbon image'@en,0,,,,,,,,,,5134,
P306,228,operating system'@en,0,,,,,,,,,,39526,
P2978,225,wheel arrangement'@en,0,,,,,,,,,,8345,
P4296,225,stellar rotational velocity'@en,0,,,,,,,,,,34815,
P3303,224,third-party formatter URL'@en,0,,,,,,,,,,683,
P403,224,mouth of the watercourse'@en,0,,,,,,,,,,110386,
P395,222,licence plate code'@en,0,,,,,,,,,,73740,
P504,222,home port'@en,0,,,,,,,,,,5876,
P655,222,translator'@en,0,,,,,,,,,,17524,
P2218,220,net worth'@en,0,,,,,,,,,,1214,
P2317,220,call sign'@en,0,,,,,,,,,,31817,
P7101,219,privacy policy URL'@en,0,,,,,,,,,,1029,
P9601,216,official map URL'@en,0,,,,,,,,,,606,
P4321,212,best combative classification'@en,0,,,,,,,,,,212,
P3970,211,channel number'@en,0,,,,,,,,,,325,
P2910,210,icon'@en,0,,,,,,,,,,2822,
P457,209,foundational text'@en,0,,,,,,,,,,50561,
P814,206,IUCN protected areas category'@en,0,,,,,,,,,,79495,
P841,205,feast day'@en,0,,,,,,,,,,8793,
P7080,204,specific absorption rate'@en,0,,,,,,,,,,216,
P7936,204,business model'@en,0,,,,,,,,,,2379,
P1317,198,floruit'@en,0,,,,,,,,,,51673,
P2348,197,time period'@en,0,,,,,,,,,,171645,
P2438,197,narrator'@en,0,,,,,,,,,,2316,
P1103,196,number of platform tracks'@en,0,,,,,,,,,,28692,
P541,196,office contested'@en,0,,,,,,,,,,43131,
P2388,195,office held by head of the organization'@en,0,,,,,,,,,,13340,
P3015,195,backup or reserve team or crew'@en,0,,,,,,,,,,222,
P2226,194,market capitalization'@en,0,,,,,,,,,,940,
P2300,192,minimal lethal dose'@en,0,,,,,,,,,,201,
P2907,192,UTC timezone offset'@en,0,,,,,,,,,,473,
P9759,187,bridge number'@en,0,,,,,,,,,,2261,
P1000,185,record held'@en,0,,,,,,,,,,571,
P4442,185,mean age'@en,0,,,,,,,,,,7878,
P465,185,sRGB color hex triplet'@en,0,,,,,,,,,,9432,
P6364,184,official color'@en,0,,,,,,,,,,3147,
P1943,176,location map'@en,0,,,,,,,,,,4538,
P3744,176,number of subscribers'@en,0,,,,,,,,,,402,
P1462,172,standards body'@en,0,,,,,,,,,,2817,
P1786,171,posthumous name'@en,0,,,,,,,,,,749,
P2078,171,user manual URL'@en,0,,,,,,,,,,1554,
P210,170,party chief representative'@en,0,,,,,,,,,,261,
P1290,167,godparent'@en,0,,,,,,,,,,1475,
P729,167,service entry'@en,0,,,,,,,,,,78992,
P832,167,public holiday'@en,0,,,,,,,,,,1480,
P1431,164,executive producer'@en,0,,,,,,,,,,8583,
P963,163,streaming media URL'@en,0,,,,,,,,,,1285,
P547,162,commemorates'@en,0,,,,,,,,,,26441,
P1766,159,place name sign'@en,0,,,,,,,,,,31037,
P5524,159,horizontal depth'@en,0,,,,,,,,,,4685,
P7383,159,name in hiero markup'@en,0,,,,,,,,,,251,
P833,156,interchange station'@en,0,,,,,,,,,,4032,
P5205,155,stroke count'@en,0,,,,,,,,,,2458,
P5523,154,fanqie'@en,0,,,,,,,,,,154,
P1142,153,political ideology'@en,0,,,,,,,,,,24135,
P4622,151,trophy awarded'@en,0,,,,,,,,,,271,
P825,150,dedicated to'@en,0,,,,,,,,,,51062,
P1420,149,taxon synonym'@en,0,,,,,,,,,,21652,
P1971,149,number of children'@en,0,,,,,,,,,,38992,
P2054,149,density'@en,0,,,,,,,,,,1609,
P3383,149,film poster'@en,0,,,,,,,,,,1985,
P509,149,cause of death'@en,0,,,,,,,,,,116224,
P792,149,chapter'@en,0,,,,,,,,,,714,
P3018,147,located in protected area'@en,0,,,,,,,,,,37286,
P6753,147,number of polling stations'@en,0,,,,,,,,,,562,
P1595,146,charge'@en,0,,,,,,,,,,4556,
P200,146,inflows'@en,0,,,,,,,,,,15218,
P2913,145,date depicted'@en,0,,,,,,,,,,679,
P5353,145,school district'@en,0,,,,,,,,,,9779,
P7863,145,aperture'@en,0,,,,,,,,,,183,
P8032,145,victim'@en,0,,,,,,,,,,931,
P4998,143,key press'@en,0,,,,,,,,,,304,
P505,143,general manager'@en,0,,,,,,,,,,1366,
P9597,143,type of lens'@en,0,,,,,,,,,,1733,
P2114,142,half-life'@en,0,,,,,,,,,,3658,
P4354,142,search formatter URL'@en,0,,,,,,,,,,1938,
P4220,141,order of battle'@en,0,,,,,,,,,,409,
P8224,140,molecular model or crystal lattice model'@en,0,,,,,,,,,,1818,
P85,140,anthem'@en,0,,,,,,,,,,1703,
P2121,139,prize money'@en,0,,,,,,,,,,5199,
P1843,138,taxon common name'@en,0,,,,,,,,,,585441,
P1477,136,birth name'@en,0,,,,,,,,,,154122,
P6685,136,Wikidata property example for media'@en,0,,,,,,,,,,147,
P2562,135,married name'@en,0,,,,,,,,,,4212,
P404,135,game mode'@en,0,,,,,,,,,,43607,
P4345,135,director of archaeological fieldwork'@en,0,,,,,,,,,,552,
P7763,135,copyright status as a creator'@en,0,,,,,,,,,,364458,
P277,134,programming language'@en,0,,,,,,,,,,12289,
P3174,134,art director'@en,0,,,,,,,,,,1275,
P2650,133,interested in'@en,0,,,,,,,,,,15095,
P3712,133,objective of project or action'@en,0,,,,,,,,,,1666,
P3999,133,date of official closure'@en,0,,,,,,,,,,26302,
P1313,132,office held by head of government'@en,0,,,,,,,,,,62906,
P8308,132,has column'@en,0,,,,,,,,,,173,
P2923,131,focal height'@en,0,,,,,,,,,,6691,
P5940,129,plot expanded in'@en,0,,,,,,,,,,332,
P2102,128,boiling point'@en,0,,,,,,,,,,1023,
P2663,128,common equity tier 1 capital ratio (CETI)'@en,0,,,,,,,,,,563,
P289,128,vessel class'@en,0,,,,,,,,,,13510,
P1957,127,Wikisource index page URL'@en,0,,,,,,,,,,10239,
P6269,127,API endpoint'@en,0,,,,,,,,,,3698,
P1560,126,given name version for other gender'@en,0,,,,,,,,,,3688,
P1884,126,hair color'@en,0,,,,,,,,,,12181,
P2869,125,record or record progression'@en,0,,,,,,,,,,173,
P122,123,basic form of government'@en,0,,,,,,,,,,2175,
P2407,123,short-term exposure limit'@en,0,,,,,,,,,,224,
P2919,123,label in sign language'@en,0,,,,,,,,,,316,
P8368,123,number of branches'@en,0,,,,,,,,,,284,
P3931,122,copyright holder'@en,0,,,,,,,,,,3223,
P51,122,audio'@en,0,,,,,,,,,,7949,
P1269,121,facet of'@en,0,,,,,,,,,,115848,
P3721,121,public key fingerprint'@en,0,,,,,,,,,,308,
P1596,120,penalty'@en,0,,,,,,,,,,1931,
P2120,120,radius'@en,0,,,,,,,,,,10274,
P8505,120,traffic sign template image'@en,0,,,,,,,,,,277,
P3359,119,negative prognostic predictor'@en,0,,,,,,,,,,306,
P4952,119,safety classification and labelling'@en,0,,,,,,,,,,1478,
P7150,119,epigraph'@en,0,,,,,,,,,,280,
P2225,118,discharge'@en,0,,,,,,,,,,3855,
P1592,117,prosecutor'@en,0,,,,,,,,,,424,
P2610,116,thickness'@en,0,,,,,,,,,,12407,
P941,116,inspired by'@en,0,,,,,,,,,,6043,
P3730,115,next higher rank'@en,0,,,,,,,,,,4121,
P5817,115,state of use'@en,0,,,,,,,,,,72979,
P9793,115,setlist'@en,0,,,,,,,,,,156,
P1424,114,topic\'s main template'@en,0,,,,,,,,,,21604,
P1801,114,commemorative plaque image'@en,0,,,,,,,,,,20035,
P171,113,parent taxon'@en,0,,,,,,,,,,3613473,
P2957,113,throughput'@en,0,,,,,,,,,,1056,
P1389,112,product certification'@en,0,,,,,,,,,,8988,
P1950,112,second family name in Spanish name'@en,0,,,,,,,,,,45451,
P634,112,captain'@en,0,,,,,,,,,,539,
P3179,111,territory overlaps'@en,0,,,,,,,,,,8532,
P3000,110,marriageable age'@en,0,,,,,,,,,,296,
P3032,110,adjacent building'@en,0,,,,,,,,,,26867,
P21,108,sex or gender'@en,0,,,,,,,,,,8083032,
P5066,108,operating temperature'@en,0,,,,,,,,,,120,
P2389,107,organization directed by the office or position'@en,0,,,,,,,,,,13587,
P2851,107,payment types accepted'@en,0,,,,,,,,,,39245,
P3983,107,sports league level'@en,0,,,,,,,,,,426,
P15,106,route map'@en,0,,,,,,,,,,24220,
P2928,106,memory capacity'@en,0,,,,,,,,,,559,
P7014,106,terms of service URL'@en,0,,,,,,,,,,1291,
P2257,103,event interval'@en,0,,,,,,,,,,8712,
P3460,103,colonel-in-chief'@en,0,,,,,,,,,,142,
P3729,103,next lower rank'@en,0,,,,,,,,,,3956,
P1640,100,curator'@en,0,,,,,,,,,,1707,
P2119,100,vapor pressure'@en,0,,,,,,,,,,701,
P2453,100,nominee'@en,0,,,,,,,,,,164,
P2825,100,via'@en,0,,,,,,,,,,874,
P2935,100,connector'@en,0,,,,,,,,,,794,
P3103,100,has tense'@en,0,,,,,,,,,,144,
P2146,99,orbital period'@en,0,,,,,,,,,,45050,
P282,99,writing system'@en,0,,,,,,,,,,626966,
P1359,94,number of points/goals conceded'@en,0,,,,,,,,,,380,
P1709,94,equivalent class'@en,0,,,,,,,,,,1344,
P1876,94,vehicle'@en,0,,,,,,,,,,855,
P4519,94,payload mass'@en,0,,,,,,,,,,21230,
P5110,93,has grammatical person'@en,0,,,,,,,,,,113,
P117,91,chemical structure'@en,0,,,,,,,,,,17667,
P737,91,influenced by'@en,0,,,,,,,,,,18857,
P8703,91,entry in abbreviations table'@en,0,,,,,,,,,,1185,
P6249,89,narrative age'@en,0,,,,,,,,,,581,
P3716,88,social classification'@en,0,,,,,,,,,,12053,
P7047,88,enemy of'@en,0,,,,,,,,,,3892,
P730,88,service retirement'@en,0,,,,,,,,,,10138,
P88,87,commissioned by'@en,0,,,,,,,,,,23645,
P3039,86,wheelbase'@en,0,,,,,,,,,,3710,
P6543,86,total shots in career'@en,0,,,,,,,,,,6188,
P831,86,parent club'@en,0,,,,,,,,,,4490,
P1833,85,number of registered users/contributors'@en,0,,,,,,,,,,183,
P2684,85,Kijkwijzer rating'@en,0,,,,,,,,,,9401,
P2838,85,professional name (Japan)'@en,0,,,,,,,,,,242,
P344,85,director of photography'@en,0,,,,,,,,,,91976,
P6801,85,number of hospital beds'@en,0,,,,,,,,,,8328,
P2437,84,number of seasons'@en,0,,,,,,,,,,36687,
P2500,84,league level below'@en,0,,,,,,,,,,6573,
P393,84,edition number'@en,0,,,,,,,,,,107618,
P622,84,spacecraft docking/undocking date'@en,0,,,,,,,,,,104,
P3259,83,intangible cultural heritage status'@en,0,,,,,,,,,,978,
P2442,82,conversion to standard unit'@en,0,,,,,,,,,,1930,
P7937,82,form of creative work'@en,0,,,,,,,,,,347324,
P6108,81,IIIF manifest'@en,0,,,,,,,,,,194021,
P3448,79,stepparent'@en,0,,,,,,,,,,5734,
P4565,79,electoral district number'@en,0,,,,,,,,,,5310,
P5025,79,gens'@en,0,,,,,,,,,,6258,
P2436,78,voltage'@en,0,,,,,,,,,,2310,
P373,77,Commons category'@en,0,,,,,,,,,,3534429,
P6251,77,catchphrase'@en,0,,,,,,,,,,1033,
P6544,77,total points in career'@en,0,,,,,,,,,,7264,
P2031,76,work period (start)'@en,0,,,,,,,,,,294038,
P990,76,audio recording of the subject\'s spoken voice'@en,0,,,,,,,,,,1252,
P1196,75,manner of death'@en,0,,,,,,,,,,101002,
P1429,75,has pet'@en,0,,,,,,,,,,318,
P6803,75,taxon found at location'@en,0,,,,,,,,,,1783,
P1613,74,IRC channel'@en,0,,,,,,,,,,694,
P2499,74,league level above'@en,0,,,,,,,,,,6590,
P2661,74,target interest rate'@en,0,,,,,,,,,,84,
P5012,74,special rank'@en,0,,,,,,,,,,726,
P6547,74,career plus-minus rating'@en,0,,,,,,,,,,6188,
P8206,74,Gazette of India notification'@en,0,,,,,,,,,,276,
P1531,73,"parent of this hybrid, breed, or cultivar'@en",0,,,,,,,,,,1623,
P2130,73,cost'@en,0,,,,,,,,,,9767,
P2177,73,solubility'@en,0,,,,,,,,,,459,
P1402,72,Foundational Model of Anatomy ID'@en,0,,,,,,,,,,79098,
P2534,72,defining formula'@en,0,,,,,,,,,,5600,
P2899,72,minimum age'@en,0,,,,,,,,,,320823,
P413,72,position played on team / speciality'@en,0,,,,,,,,,,403397,
P4614,71,drainage basin'@en,0,,,,,,,,,,79971,
P7081,71,quotation or excerpt'@en,0,,,,,,,,,,684,
P7973,71,quantity symbol (LaTeX)'@en,0,,,,,,,,,,1858,
P8876,71,number of taxpayers'@en,0,,,,,,,,,,166,
P2358,70,Roman praenomen'@en,0,,,,,,,,,,5058,
P736,70,cover art by'@en,0,,,,,,,,,,6787,
P1158,69,location of landing'@en,0,,,,,,,,,,504,
P3086,68,speed limit'@en,0,,,,,,,,,,2364,
P612,68,mother house'@en,0,,,,,,,,,,820,
P647,68,drafted by'@en,0,,,,,,,,,,11795,
P8966,68,URL match pattern'@en,0,,,,,,,,,,5180,
P1442,67,image of grave'@en,0,,,,,,,,,,54727,
P1652,67,referee'@en,0,,,,,,,,,,20012,
P1846,67,distribution map'@en,0,,,,,,,,,,1362,
P2234,67,volume as quantity'@en,0,,,,,,,,,,14304,
P1302,66,primary destinations'@en,0,,,,,,,,,,3940,
P8533,66,SMARTS notation'@en,0,,,,,,,,,,843,
P1340,65,eye color'@en,0,,,,,,,,,,10349,
P3461,65,designated as terrorist by'@en,0,,,,,,,,,,242,
P6546,65,penalty minutes in career'@en,0,,,,,,,,,,7249,
P1641,64,port'@en,0,,,,,,,,,,387,
P2324,64,quantity buried'@en,0,,,,,,,,,,1678,
P3618,64,base salary'@en,0,,,,,,,,,,160,
P1193,63,prevalence'@en,0,,,,,,,,,,140,
P1445,63,fictional universe described in'@en,0,,,,,,,,,,4740,
P2073,63,vehicle range'@en,0,,,,,,,,,,651,
P2076,63,temperature'@en,0,,,,,,,,,,804,
P2149,63,clock frequency'@en,0,,,,,,,,,,207,
P6794,63,minimum wage'@en,0,,,,,,,,,,66,
P8031,63,perpetrator'@en,0,,,,,,,,,,842,
P1101,62,floors above ground'@en,0,,,,,,,,,,14124,
P1419,62,shape'@en,0,,,,,,,,,,1956,
P5059,61,modified version of'@en,0,,,,,,,,,,1433,
P1990,60,species kept'@en,0,,,,,,,,,,8103,
P2262,60,draft'@en,0,,,,,,,,,,18248,
P2975,60,host'@en,0,,,,,,,,,,7420,
P8597,60,axle track'@en,0,,,,,,,,,,110,
P1040,59,film editor'@en,0,,,,,,,,,,53600,
P5065,59,wind speed'@en,0,,,,,,,,,,68,
P1591,58,defendant'@en,0,,,,,,,,,,6035,
P1911,58,increased expression in'@en,0,,,,,,,,,,149,
P2846,58,wheelchair accessibility'@en,0,,,,,,,,,,3945,
P3896,58,geoshape'@en,0,,,,,,,,,,28248,
P5072,58,presented in'@en,0,,,,,,,,,,822,
P6856,58,average speed'@en,0,,,,,,,,,,85,
P872,58,printed by'@en,0,,,,,,,,,,2832,
P158,57,seal image'@en,0,,,,,,,,,,6898,
P2151,57,focal length'@en,0,,,,,,,,,,402,
P4092,57,checksum'@en,0,,,,,,,,,,73,
P822,57,mascot'@en,0,,,,,,,,,,871,
P5167,56,vehicles per thousand people'@en,0,,,,,,,,,,130,
P1444,55,destination point'@en,0,,,,,,,,,,25806,
P177,55,crosses'@en,0,,,,,,,,,,24739,
P6962,55,narrative motif'@en,0,,,,,,,,,,6298,
P8733,55,number of rooms'@en,0,,,,,,,,,,1395,
P1479,54,has contributing factor'@en,0,,,,,,,,,,594,
P194,54,legislative body'@en,0,,,,,,,,,,4260,
P852,54,ESRB rating'@en,0,,,,,,,,,,6739,
P1793,53,format as a regular expression'@en,0,,,,,,,,,,5234,
P5436,53,number of viewers'@en,0,,,,,,,,,,374,
P552,53,handedness'@en,0,,,,,,,,,,2289,
P6545,53,total assists in career'@en,0,,,,,,,,,,7248,
P807,53,separated from'@en,0,,,,,,,,,,2357,
P854,53,reference URL'@en,0,,,,,,,,,,2161,
P2101,52,melting point'@en,0,,,,,,,,,,31699,
P2128,52,flash point'@en,0,,,,,,,,,,449,
P2922,52,month of the year'@en,0,,,,,,,,,,4607,
P3082,52,destroyed'@en,0,,,,,,,,,,287,
P408,52,software engine'@en,0,,,,,,,,,,9901,
P417,52,patron saint'@en,0,,,,,,,,,,22484,
P5816,52,state of conservation'@en,0,,,,,,,,,,33228,
P812,52,academic major'@en,0,,,,,,,,,,2942,
P9214,52,FAQ URL'@en,0,,,,,,,,,,389,
P1401,51,bug tracking system'@en,0,,,,,,,,,,1671,
P2989,51,has grammatical case'@en,0,,,,,,,,,,433,
P3070,51,dynamic viscosity'@en,0,,,,,,,,,,78,
P4777,51,has boundary'@en,0,,,,,,,,,,1160,
P8768,51,online catalog'@en,0,,,,,,,,,,1664,
P9600,51,oral history at'@en,0,,,,,,,,,,954,
P1336,50,territory claimed by'@en,0,,,,,,,,,,1099,
P157,50,killed by'@en,0,,,,,,,,,,3484,
P1873,50,maximum number of players'@en,0,,,,,,,,,,1001,
P2813,50,house publication'@en,0,,,,,,,,,,1143,
P3156,50,Australian Classification'@en,0,,,,,,,,,,639,
P4250,50,defined daily dose'@en,0,,,,,,,,,,944,
P739,50,ammunition'@en,0,,,,,,,,,,2545,
P9071,50,character type'@en,0,,,,,,,,,,3191,
P923,50,medical examination'@en,0,,,,,,,,,,1008,
P1321,49,place of origin (Switzerland)'@en,0,,,,,,,,,,2835,
P1427,49,start point'@en,0,,,,,,,,,,32060,
P1906,49,office held by head of state'@en,0,,,,,,,,,,571,
P1999,49,UNESCO language status'@en,0,,,,,,,,,,2412,
P2219,49,real GDP growth rate'@en,0,,,,,,,,,,238,
P4805,49,make-up artist'@en,0,,,,,,,,,,562,
P1057,48,chromosome'@en,0,,,,,,,,,,618719,
P263,48,official residence'@en,0,,,,,,,,,,2008,
P469,48,lake on river'@en,0,,,,,,,,,,3474,
P483,48,recorded at studio or venue'@en,0,,,,,,,,,,5525,
P5067,48,non-operating temperature'@en,0,,,,,,,,,,48,
P30,47,continent'@en,0,,,,,,,,,,83735,
P4970,47,alternative name'@en,0,,,,,,,,,,567,
P1093,46,gross tonnage'@en,0,,,,,,,,,,41271,
P1303,46,instrument'@en,0,,,,,,,,,,211460,
P5775,46,image of interior'@en,0,,,,,,,,,,20440,
P8512,46,size comparison diagram'@en,0,,,,,,,,,,520,
P1686,45,for work'@en,0,,,,,,,,,,92,
P2275,45,World Health Organisation  international non-proprietary name'@en,0,,,,,,,,,,2541,
P7888,45,merged into'@en,0,,,,,,,,,,2241,
P8371,45,"references work, tradition or theory'@en",0,,,,,,,,,,1570,
P2515,44,costume designer'@en,0,,,,,,,,,,12776,
P2828,44,corporate officer'@en,0,,,,,,,,,,103,
P3893,44,public domain date'@en,0,,,,,,,,,,2249,
P6589,44,endowment'@en,0,,,,,,,,,,1376,
P1065,43,archive URL'@en,0,,,,,,,,,,2076,
P135,43,movement'@en,0,,,,,,,,,,59821,
P3311,43,image of design plans'@en,0,,,,,,,,,,2216,
P2556,42,bore'@en,0,,,,,,,,,,599,
P3036,42,precipitation height'@en,0,,,,,,,,,,55,
P425,42,field of this occupation'@en,0,,,,,,,,,,5867,
P914,42,USK rating'@en,0,,,,,,,,,,3469,
P1716,41,brand'@en,0,,,,,,,,,,15523,
P1810,41,subject named as'@en,0,,,,,,,,,,381,
P3260,41,points awarded'@en,0,,,,,,,,,,45,
P9748,41,Wikimedia Incubator URL'@en,0,,,,,,,,,,92,
P2521,40,female form of label'@en,0,,,,,,,,,,131776,
P2583,40,distance from Earth'@en,0,,,,,,,,,,3027938,
P2927,40,water as percent of area'@en,0,,,,,,,,,,30718,
P3157,40,event distance'@en,0,,,,,,,,,,27206,
P5977,40,Wikidata property example for senses'@en,0,,,,,,,,,,49,
P1697,39,total valid votes'@en,0,,,,,,,,,,21579,
P2645,39,mean lifetime'@en,0,,,,,,,,,,51,
P2790,39,net tonnage'@en,0,,,,,,,,,,166,
P4584,39,first appearance'@en,0,,,,,,,,,,7508,
P5625,39,Vietnamese reading'@en,0,,,,,,,,,,42,
P6378,39,charter URL'@en,0,,,,,,,,,,158,
P10685,38,ionic radius'@en,0,,,,,,,,,,45,
P1195,38,file extension'@en,0,,,,,,,,,,13995,
P1922,38,first line'@en,0,,,,,,,,,,44658,
P2405,38,ceiling exposure limit'@en,0,,,,,,,,,,205,
P2747,38,Filmiroda rating'@en,0,,,,,,,,,,6315,
P3091,38,mount'@en,0,,,,,,,,,,757,
P4837,38,has command line option'@en,0,,,,,,,,,,1221,
P5658,38,railway traffic side'@en,0,,,,,,,,,,278,
P765,38,surface played on'@en,0,,,,,,,,,,4042,
P8956,38,compatible with'@en,0,,,,,,,,,,240,
P109,37,signature'@en,0,,,,,,,,,,27724,
P1249,37,time of earliest written record'@en,0,,,,,,,,,,30321,
P2550,37,recording or performance of'@en,0,,,,,,,,,,15229,
P4675,37,appears in the form of'@en,0,,,,,,,,,,383,
P575,37,time of discovery or invention'@en,0,,,,,,,,,,77514,
P746,37,date of disappearance'@en,0,,,,,,,,,,1129,
P1282,36,OpenStreetMap tag or key'@en,0,,,,,,,,,,3261,
P1387,36,political alignment'@en,0,,,,,,,,,,4294,
P3001,36,retirement age'@en,0,,,,,,,,,,80,
P3321,36,male form of label'@en,0,,,,,,,,,,14871,
P5897,36,account charge / subscription fee'@en,0,,,,,,,,,,122,
P591,36,EC enzyme number'@en,0,,,,,,,,,,10709,
P8889,36,MTRCB rating'@en,0,,,,,,,,,,748,
P9788,36,performed at'@en,0,,,,,,,,,,320,
P1408,35,licensed to broadcast to'@en,0,,,,,,,,,,16697,
P1785,35,temple name'@en,0,,,,,,,,,,108,
P2881,35,promoted'@en,0,,,,,,,,,,1234,
P6758,35,supported sports team'@en,0,,,,,,,,,,756,
P790,35,approved by'@en,0,,,,,,,,,,29092,
P8138,35,located in the statistical territorial entity'@en,0,,,,,,,,,,32256,
P8500,35,Vietnamese middle name'@en,0,,,,,,,,,,824,
P1981,34,FSK film rating'@en,0,,,,,,,,,,17116,
P3022,34,flag bearer'@en,0,,,,,,,,,,4194,
P3610,34,fare zone'@en,0,,,,,,,,,,5165,
P8204,34,tabular case data'@en,0,,,,,,,,,,4681,
P8766,34,rank insignia'@en,0,,,,,,,,,,123,
P1028,33,donated by'@en,0,,,,,,,,,,9680,
P3358,33,positive prognostic predictor'@en,0,,,,,,,,,,99,
P3842,33,located in present-day administrative territorial entity'@en,0,,,,,,,,,,21449,
P8498,33,road number formatter'@en,0,,,,,,,,,,265,
P1845,32,anti-virus alias'@en,0,,,,,,,,,,49,
P1868,32,ballots cast'@en,0,,,,,,,,,,22462,
P2050,32,wingspan'@en,0,,,,,,,,,,2731,
P248,32,stated in'@en,0,,,,,,,,,,695,
P2895,32,maximum sustained winds'@en,0,,,,,,,,,,2792,
P3041,32,luminous intensity'@en,0,,,,,,,,,,221,
P3080,32,game artist'@en,0,,,,,,,,,,159,
P4552,32,mountain range'@en,0,,,,,,,,,,60822,
P8753,32,annual average daily traffic'@en,0,,,,,,,,,,232,
P924,32,possible treatment'@en,0,,,,,,,,,,694,
P1100,31,number of cylinders'@en,0,,,,,,,,,,5514,
P2563,31,superhuman feature or ability'@en,0,,,,,,,,,,7170,
P2665,31,alcohol by volume'@en,0,,,,,,,,,,378,
P5514,31,accredited by'@en,0,,,,,,,,,,4162,
P689,31,afflicts'@en,0,,,,,,,,,,4208,
P1068,30,instruction set'@en,0,,,,,,,,,,449,
P1090,30,redshift'@en,0,,,,,,,,,,989410,
P163,30,flag'@en,0,,,,,,,,,,6540,
P2629,30,BBFC rating'@en,0,,,,,,,,,,1697,
P3013,30,surface tension'@en,0,,,,,,,,,,43,
P3364,30,stereoisomer of'@en,0,,,,,,,,,,2019,
P542,30,officially opened by'@en,0,,,,,,,,,,1073,
P8839,30,hairstyle'@en,0,,,,,,,,,,637,
P943,30,programmer'@en,0,,,,,,,,,,390,
P2715,29,elected in'@en,0,,,,,,,,,,215,
P3356,29,positive diagnostic predictor'@en,0,,,,,,,,,,171,
P5894,29,tuition fee'@en,0,,,,,,,,,,50,
P629,29,edition or translation of'@en,0,,,,,,,,,,87685,
P9215,29,set during recurring event'@en,0,,,,,,,,,,3820,
P10135,28,recording date'@en,0,,,,,,,,,,1109,
P1333,28,coordinates of southernmost point'@en,0,,,,,,,,,,11896,
P1458,28,color index'@en,0,,,,,,,,,,65,
P2596,28,culture'@en,0,,,,,,,,,,10130,
P274,28,chemical formula'@en,0,,,,,,,,,,1045678,
P2884,28,mains voltage'@en,0,,,,,,,,,,248,
P3161,28,has grammatical mood'@en,0,,,,,,,,,,102,
P3912,28,newspaper format'@en,0,,,,,,,,,,4085,
P5595,28,number of platform faces'@en,0,,,,,,,,,,5856,
P5869,28,model item'@en,0,,,,,,,,,,1070,
P7252,28,degree of difficulty'@en,0,,,,,,,,,,422,
P1109,27,refractive index'@en,0,,,,,,,,,,197,
P2051,27,M sin i'@en,0,,,,,,,,,,976,
P2133,27,total debt'@en,0,,,,,,,,,,37,
P2900,27,fax number'@en,0,,,,,,,,,,26395,
P3559,27,maximum size or capacity'@en,0,,,,,,,,,,238,
P4151,27,game mechanics'@en,0,,,,,,,,,,1777,
P4213,27,Unicode code point'@en,0,,,,,,,,,,151433,
P5193,27,Wikidata property example for forms'@en,0,,,,,,,,,,30,
P908,27,PEGI rating'@en,0,,,,,,,,,,4341,
P1202,26,carries scientific instrument'@en,0,,,,,,,,,,204,
P1885,26,cathedral'@en,0,,,,,,,,,,2143,
P2061,26,aspect ratio (W:H)'@en,0,,,,,,,,,,37729,
P3173,26,offers view on'@en,0,,,,,,,,,,932,
P5606,26,class of station'@en,0,,,,,,,,,,10087,
P610,26,highest point'@en,0,,,,,,,,,,5463,
P7707,26,PlayStation DataCenter URL'@en,0,,,,,,,,,,882,
P8411,26,set in environment'@en,0,,,,,,,,,,16111,
P880,26,CPU'@en,0,,,,,,,,,,2183,
P1117,25,pKa'@en,0,,,,,,,,,,234,
P2554,25,production designer'@en,0,,,,,,,,,,13747,
P2559,25,Wikidata usage instructions'@en,0,,,,,,,,,,4695,
P2669,25,discontinued date'@en,0,,,,,,,,,,2874,
P3019,25,railway signalling system'@en,0,,,,,,,,,,109,
P4176,25,effective firing range'@en,0,,,,,,,,,,243,
P5280,25,radical'@en,0,,,,,,,,,,2358,
P748,25,appointed by'@en,0,,,,,,,,,,5560,
P1335,24,coordinates of westernmost point'@en,0,,,,,,,,,,11891,
P1482,24,Stack Exchange tag'@en,0,,,,,,,,,,3967,
P1537,24,contributing factor of'@en,0,,,,,,,,,,329,
P1945,24,street key'@en,0,,,,,,,,,,12741,
P2045,24,orbital inclination'@en,0,,,,,,,,,,47108,
P3902,24,had as last meal'@en,0,,,,,,,,,,70,
P740,24,location of formation'@en,0,,,,,,,,,,44816,
P7781,24,exonerated of'@en,0,,,,,,,,,,48,
P1576,23,lifestyle'@en,0,,,,,,,,,,1314,
P2184,23,history of topic'@en,0,,,,,,,,,,2179,
P2855,23,VAT-rate'@en,0,,,,,,,,,,183,
P3437,23,people or cargo transported'@en,0,,,,,,,,,,226,
P5475,23,CJKV variant character'@en,0,,,,,,,,,,83,
P10622,22,per capita income'@en,0,,,,,,,,,,52688,
P208,22,executive body'@en,0,,,,,,,,,,1666,
P209,22,highest judicial authority'@en,0,,,,,,,,,,184,
P2097,22,term length of office'@en,0,,,,,,,,,,1382,
P2849,22,produced by'@en,0,,,,,,,,,,278,
P415,22,radio format'@en,0,,,,,,,,,,3614,
P4238,22,webcam page URL'@en,0,,,,,,,,,,504,
P4253,22,number of constituencies'@en,0,,,,,,,,,,808,
P7137,22,acknowledged'@en,0,,,,,,,,,,792,
P8938,22,artistic director'@en,0,,,,,,,,,,79,
P1414,21,GUI toolkit or framework'@en,0,,,,,,,,,,1502,
P2228,21,maximum thrust'@en,0,,,,,,,,,,114,
P2667,21,corresponding template'@en,0,,,,,,,,,,865,
P2679,21,author of foreword'@en,0,,,,,,,,,,1470,
P2888,21,exact match'@en,0,,,,,,,,,,550695,
P3087,21,fiscal/tax revenue'@en,0,,,,,,,,,,1739,
P3113,21,does not have part'@en,0,,,,,,,,,,512,
P4602,21,date of burial or cremation'@en,0,,,,,,,,,,9311,
P6116,21,chord progression'@en,0,,,,,,,,,,25,
P6897,21,literacy rate'@en,0,,,,,,,,,,1234,
P8764,21,port calls'@en,0,,,,,,,,,,25,
P8972,21,small logo or icon'@en,0,,,,,,,,,,653,
P1590,20,number of casualties'@en,0,,,,,,,,,,212,
P2630,20,cost of damage'@en,0,,,,,,,,,,170,
P2882,20,relegated'@en,0,,,,,,,,,,2898,
P6885,20,historical region'@en,0,,,,,,,,,,15043,
P8865,20,mathematical inverse'@en,0,,,,,,,,,,83,
P910,20,topic\'s main category'@en,0,,,,,,,,,,688314,
P103,19,native language'@en,0,,,,,,,,,,288996,
P1072,19,readable file format'@en,0,,,,,,,,,,8961,
P113,19,airline hub'@en,0,,,,,,,,,,3155,
P1318,19,proved by'@en,0,,,,,,,,,,132,
P1877,19,after a work by'@en,0,,,,,,,,,,12436,
P201,19,lake outflow'@en,0,,,,,,,,,,9422,
P2032,19,work period (end)'@en,0,,,,,,,,,,41807,
P2075,19,speed of sound'@en,0,,,,,,,,,,71,
P2378,19,issued by'@en,0,,,,,,,,,,1881,
P2746,19,production statistics'@en,0,,,,,,,,,,52,
P2758,19,CNC film rating (France)'@en,0,,,,,,,,,,20329,
P3014,19,laws applied'@en,0,,,,,,,,,,172,
P3752,19,worst-case time complexity'@en,0,,,,,,,,,,77,
P406,19,soundtrack release'@en,0,,,,,,,,,,1667,
P4647,19,location of first performance'@en,0,,,,,,,,,,18330,
P6427,19,trading name'@en,0,,,,,,,,,,253,
P6802,19,related image'@en,0,,,,,,,,,,15093,
P7415,19,code (image)'@en,0,,,,,,,,,,29,
P913,19,notation'@en,0,,,,,,,,,,220,
P1141,18,number of processor cores'@en,0,,,,,,,,,,10995,
P1347,18,military casualty classification'@en,0,,,,,,,,,,7975,
P1622,18,driving side'@en,0,,,,,,,,,,431,
P1672,18,this taxon is source of'@en,0,,,,,,,,,,2417,
P2107,18,decomposition point'@en,0,,,,,,,,,,235,
P2351,18,number of graves'@en,0,,,,,,,,,,740,
P2360,18,intended public'@en,0,,,,,,,,,,7939,
P5994,18,recycling code'@en,0,,,,,,,,,,36,
P8403,18,theorised by'@en,0,,,,,,,,,,83,
P10225,17,official shop URL'@en,0,,,,,,,,,,428,
P1334,17,coordinates of easternmost point'@en,0,,,,,,,,,,11900,
P1557,17,manifestation of'@en,0,,,,,,,,,,2131,
P2370,17,conversion to SI unit'@en,0,,,,,,,,,,2297,
P2754,17,production date'@en,0,,,,,,,,,,60029,
P2795,17,directions'@en,0,,,,,,,,,,92195,
P5582,17,number of arrests'@en,0,,,,,,,,,,202,
P5995,17,kit supplier'@en,0,,,,,,,,,,295,
P6591,17,maximum temperature record'@en,0,,,,,,,,,,264,
P6977,17,review of'@en,0,,,,,,,,,,3256,
P703,17,found in taxon'@en,0,,,,,,,,,,2847102,
P7213,17,newspaper archive URL'@en,0,,,,,,,,,,143,
P795,17,located on linear feature'@en,0,,,,,,,,,,1519,
P1034,16,main food source'@en,0,,,,,,,,,,327,
P1301,16,number of elevators'@en,0,,,,,,,,,,2014,
P1351,16,number of points/goals/set scored'@en,0,,,,,,,,,,6442,
P2260,16,ionization energy'@en,0,,,,,,,,,,306,
P2261,16,beam'@en,0,,,,,,,,,,11362,
P2997,16,age of majority'@en,0,,,,,,,,,,145,
P3270,16,compulsory education (minimum age)'@en,0,,,,,,,,,,63,
P4103,16,assets under management'@en,0,,,,,,,,,,86,
P4291,16,panoramic view'@en,0,,,,,,,,,,2468,
P4912,16,century breaks'@en,0,,,,,,,,,,597,
P5282,16,ground level 360 degree view'@en,0,,,,,,,,,,483,
P5348,16,angular diameter'@en,0,,,,,,,,,,76,
P5480,16,tensile modulus of elasticity'@en,0,,,,,,,,,,50,
P5822,16,admission rate'@en,0,,,,,,,,,,1385,
P5832,16,political coalition'@en,0,,,,,,,,,,145,
P770,16,cause of destruction'@en,0,,,,,,,,,,1394,
P8045,16,organized response related to outbreak'@en,0,,,,,,,,,,731,
P834,16,train depot'@en,0,,,,,,,,,,695,
P1257,15,depicts Iconclass notation'@en,0,,,,,,,,,,16002,
P1656,15,unveiled by'@en,0,,,,,,,,,,444,
P1657,15,MPAA film rating'@en,0,,,,,,,,,,3185,
P1678,15,has vertex figure'@en,0,,,,,,,,,,223,
P1910,15,decreased expression in'@en,0,,,,,,,,,,26,
P1916,15,gene substitution association with'@en,0,,,,,,,,,,28,
P2232,15,cash'@en,0,,,,,,,,,,15,
P239,15,ICAO airport code'@en,0,,,,,,,,,,20121,
P2501,15,results'@en,0,,,,,,,,,,85,
P2739,15,typeface/font used'@en,0,,,,,,,,,,225,
P3921,15,Wikidata SPARQL query equivalent'@en,0,,,,,,,,,,3542,
P4428,15,implementation of'@en,0,,,,,,,,,,720,
P4884,15,court'@en,0,,,,,,,,,,24733,
P4945,15,download link'@en,0,,,,,,,,,,12110,
P5024,15,choral conductor'@en,0,,,,,,,,,,33,
P654,15,direction relative to location'@en,0,,,,,,,,,,25,
P7327,15,OFLC classification'@en,0,,,,,,,,,,244,
P1125,14,Gini coefficient'@en,0,,,,,,,,,,38,
P1332,14,coordinates of northernmost point'@en,0,,,,,,,,,,11945,
P1628,14,equivalent property'@en,0,,,,,,,,,,652,
P1636,14,date of baptism in early childhood'@en,0,,,,,,,,,,3742,
P1638,14,working title'@en,0,,,,,,,,,,790,
P1840,14,investigated by'@en,0,,,,,,,,,,585,
P193,14,main building contractor'@en,0,,,,,,,,,,2977,
P2009,14,Exif model'@en,0,,,,,,,,,,1127,
P2658,14,Scoville grade'@en,0,,,,,,,,,,106,
P3075,14,official religion'@en,0,,,,,,,,,,855,
P3081,14,damaged'@en,0,,,,,,,,,,93,
P3195,14,league points system'@en,0,,,,,,,,,,444,
P424,14,Wikimedia language code'@en,0,,,,,,,,,,1934,
P4608,14,scenographer'@en,0,,,,,,,,,,9886,
P5422,14,has pattern'@en,0,,,,,,,,,,412,
P613,14,OS grid reference'@en,0,,,,,,,,,,414846,
P6153,14,research site'@en,0,,,,,,,,,,266858,
P6500,14,non-free artwork image URL'@en,0,,,,,,,,,,8684,
P7253,14,color produced'@en,0,,,,,,,,,,31,
P741,14,playing hand'@en,0,,,,,,,,,,6317,
P8702,14,parallel street'@en,0,,,,,,,,,,54,
P1073,13,writable file format'@en,0,,,,,,,,,,4516,
P1536,13,immediate cause of'@en,0,,,,,,,,,,18765,
P1546,13,motto'@en,0,,,,,,,,,,506,
P1635,13,religious name'@en,0,,,,,,,,,,1225,
P2095,13,co-driver'@en,0,,,,,,,,,,48,
P2634,13,model'@en,0,,,,,,,,,,275,
P2673,13,next crossing upstream'@en,0,,,,,,,,,,1615,
P3989,13,members have occupation'@en,0,,,,,,,,,,1857,
P412,13,voice type'@en,0,,,,,,,,,,34328,
P4501,13,albedo'@en,0,,,,,,,,,,23300,
P4654,13,partition type identifier'@en,0,,,,,,,,,,16,
P4967,13,prerequisite'@en,0,,,,,,,,,,192,
P5249,13,sports competition competed at'@en,0,,,,,,,,,,764,
P6711,13,data transfer speed'@en,0,,,,,,,,,,29,
P6902,13,era name'@en,0,,,,,,,,,,345,
P7374,13,educational stage'@en,0,,,,,,,,,,84,
P8359,13,Dewey Decimal Classification (works and editions)'@en,0,,,,,,,,,,8679,
P8682,13,number of negative votes'@en,0,,,,,,,,,,388,
P10311,12,official jobs URL'@en,0,,,,,,,,,,156,
P10649,12,number of likes'@en,0,,,,,,,,,,29,
P1136,12,solved by'@en,0,,,,,,,,,,115,
P128,12,regulates (molecular biology)'@en,0,,,,,,,,,,326035,
P1314,12,number of spans'@en,0,,,,,,,,,,1943,
P181,12,taxon range map image'@en,0,,,,,,,,,,18782,
P1951,12,investor'@en,0,,,,,,,,,,6307,
P2233,12,semi-major axis of an orbit'@en,0,,,,,,,,,,43397,
P2341,12,indigenous to'@en,0,,,,,,,,,,18359,
P2674,12,next crossing downstream'@en,0,,,,,,,,,,1621,
P2998,12,age of candidacy'@en,0,,,,,,,,,,174,
P3071,12,standard molar entropy'@en,0,,,,,,,,,,70,
P3078,12,standard enthalpy of formation'@en,0,,,,,,,,,,257,
P3395,12,heart rate'@en,0,,,,,,,,,,26,
P3858,12,route diagram'@en,0,,,,,,,,,,3647,
P4448,12,cash back'@en,0,,,,,,,,,,23,
P5044,12,number of spoilt votes'@en,0,,,,,,,,,,19806,
P533,12,target'@en,0,,,,,,,,,,1514,
P5519,12,Cangjie input'@en,0,,,,,,,,,,69627,
P5804,12,has program committee member'@en,0,,,,,,,,,,641,
P606,12,first flight'@en,0,,,,,,,,,,6944,
P6553,12,personal pronoun'@en,0,,,,,,,,,,3903,
P7095,12,end grade'@en,0,,,,,,,,,,3729,
P7295,12,Gregorian calendar start date'@en,0,,,,,,,,,,75,
P8225,12,is metaclass for'@en,0,,,,,,,,,,398,
P826,12,tonality'@en,0,,,,,,,,,,5056,
P8628,12,engine displacement'@en,0,,,,,,,,,,365,
P1046,11,discovery method'@en,0,,,,,,,,,,4228,
P10756,11,number of reblogs'@en,0,,,,,,,,,,21,
P1582,11,natural product of taxon'@en,0,,,,,,,,,,2604,
P1620,11,plaintiff'@en,0,,,,,,,,,,2222,
P1809,11,choreographer'@en,0,,,,,,,,,,4217,
P1880,11,measurement scale'@en,0,,,,,,,,,,182,
P2141,11,foreign direct investment net inflow'@en,0,,,,,,,,,,11,
P2565,11,global warming potential'@en,0,,,,,,,,,,187,
P2756,11,EIRIN film rating'@en,0,,,,,,,,,,2323,
P2770,11,source of income'@en,0,,,,,,,,,,502,
P2974,11,habitat'@en,0,,,,,,,,,,1000,
P4403,11,caliber'@en,0,,,,,,,,,,597,
P4437,11,FPB rating'@en,0,,,,,,,,,,869,
P474,11,country calling code'@en,0,,,,,,,,,,508,
P4794,11,season starts'@en,0,,,,,,,,,,2052,
P5196,11,output method'@en,0,,,,,,,,,,305,
P631,11,structural engineer'@en,0,,,,,,,,,,1784,
P78,11,top-level Internet domain'@en,0,,,,,,,,,,341,
P805,11,statement is subject of'@en,0,,,,,,,,,,415,
P8196,11,voting system'@en,0,,,,,,,,,,1393,
P8546,11,recording location'@en,0,,,,,,,,,,347,
P8898,11,road name formatter'@en,0,,,,,,,,,,159,
P967,11,guest of honor'@en,0,,,,,,,,,,1315,
P1012,10,including'@en,0,,,,,,,,,,62,
P10263,10,admission yield rate'@en,0,,,,,,,,,,1389,
P1815,10,RSL scanned books identifier'@en,0,,,,,,,,,,341,
P1918,10,altered regulation leads to'@en,0,,,,,,,,,,14,
P2103,10,size of team at start'@en,0,,,,,,,,,,350,
P2140,10,foreign direct investment net outflow'@en,0,,,,,,,,,,10,
P238,10,IATA airport code'@en,0,,,,,,,,,,8942,
P2578,10,studies'@en,0,,,,,,,,,,1991,
P2595,10,maximum gradient'@en,0,,,,,,,,,,2006,
P2695,10,type locality (geology)'@en,0,,,,,,,,,,4887,
P2925,10,domain of saint or deity'@en,0,,,,,,,,,,887,
P3027,10,open period from'@en,0,,,,,,,,,,18,
P3028,10,open period to'@en,0,,,,,,,,,,14,
P3985,10,supports programming language'@en,0,,,,,,,,,,228,
P467,10,legislated by'@en,0,,,,,,,,,,46762,
P470,10,Eight Banner register'@en,0,,,,,,,,,,986,
P4958,10,classification of the best at metas volantes'@en,0,,,,,,,,,,10,
P5009,10,complies with'@en,0,,,,,,,,,,168,
P5305,10,SPARQL endpoint'@en,0,,,,,,,,,,150,
P5642,10,risk factor'@en,0,,,,,,,,,,199,
P6686,10,musical motif'@en,0,,,,,,,,,,27,
P720,10,asteroid spectral type'@en,0,,,,,,,,,,418,
P7250,10,mobile formatter URL'@en,0,,,,,,,,,,46,
P7328,10,amount cataloged'@en,0,,,,,,,,,,88359,
P7510,10,XML namespace'@en,0,,,,,,,,,,84,
P7603,10,CITES Appendix'@en,0,,,,,,,,,,36884,
P87,10,librettist'@en,0,,,,,,,,,,7386,
P1163,9,media type'@en,0,,,,,,,,,,8082,
P1304,9,central bank'@en,0,,,,,,,,,,175,
P1345,9,number of victims of killer'@en,0,,,,,,,,,,220,
P1589,9,lowest point'@en,0,,,,,,,,,,483,
P1593,9,defender'@en,0,,,,,,,,,,283,
P2512,9,series spin-off'@en,0,,,,,,,,,,532,
P2793,9,clearance'@en,0,,,,,,,,,,335,
P2976,9,patronym or matronym for this name'@en,0,,,,,,,,,,222,
P3402,9,CNC film rating (Romania)'@en,0,,,,,,,,,,2842,
P3529,9,median income'@en,0,,,,,,,,,,49,
P4032,9,reviewed by'@en,0,,,,,,,,,,218,
P4441,9,hydraulic head'@en,0,,,,,,,,,,1481,
P4788,9,storage device'@en,0,,,,,,,,,,584,
P4968,9,relevant qualification'@en,0,,,,,,,,,,44,
P6437,9,day of regular release'@en,0,,,,,,,,,,85,
P7045,9,chassis'@en,0,,,,,,,,,,48,
P7604,9,supervised by'@en,0,,,,,,,,,,90,
P768,9,electoral district'@en,0,,,,,,,,,,19010,
P8046,9,Latvian transcription'@en,0,,,,,,,,,,103,
P8306,9,has grouping'@en,0,,,,,,,,,,18,
P868,9,foods traditionally associated'@en,0,,,,,,,,,,402,
P8683,9,number of support votes'@en,0,,,,,,,,,,386,
P8757,9,maximum current'@en,0,,,,,,,,,,13,
P8874,9,Hong Kong film rating'@en,0,,,,,,,,,,453,
P10091,8,death rate'@en,0,,,,,,,,,,9,
P1018,8,language regulatory body'@en,0,,,,,,,,,,205,
P10241,8,is an individual of taxon'@en,0,,,,,,,,,,11522,
P1406,8,script directionality'@en,0,,,,,,,,,,330,
P1446,8,number of missing'@en,0,,,,,,,,,,158,
P1625,8,has melody'@en,0,,,,,,,,,,2156,
P1752,8,scale'@en,0,,,,,,,,,,1693,
P2056,8,specific heat capacity'@en,0,,,,,,,,,,18,
P2135,8,total exports'@en,0,,,,,,,,,,10,
P2200,8,electric charge'@en,0,,,,,,,,,,86,
P2363,8,NMHH film rating'@en,0,,,,,,,,,,4858,
P246,8,element symbol'@en,0,,,,,,,,,,193,
P2517,8,category for recipients of this award'@en,0,,,,,,,,,,6391,
P2713,8,sectional view'@en,0,,,,,,,,,,294,
P2817,8,appears in the heritage monument list'@en,0,,,,,,,,,,270764,
P2834,8,individual tax rate'@en,0,,,,,,,,,,8,
P3026,8,closed on'@en,0,,,,,,,,,,321,
P3263,8,base'@en,0,,,,,,,,,,117,
P3776,8,inhibitor of'@en,0,,,,,,,,,,101,
P3781,8,has active ingredient'@en,0,,,,,,,,,,2699,
P3938,8,named by'@en,0,,,,,,,,,,657,
P4135,8,maximum age'@en,0,,,,,,,,,,181336,
P4379,8,youth wing'@en,0,,,,,,,,,,206,
P4634,8,premiere type'@en,0,,,,,,,,,,469,
P4661,8,reservoir created'@en,0,,,,,,,,,,3225,
P5004,8,in opposition to'@en,0,,,,,,,,,,476,
P5135,8,greater than'@en,0,,,,,,,,,,75,
P5307,8,display technology'@en,0,,,,,,,,,,163,
P6112,8,category for members of a team'@en,0,,,,,,,,,,16946,
P6949,8,announcement date'@en,0,,,,,,,,,,2051,
P7470,8,URN formatter'@en,0,,,,,,,,,,133,
P9493,8,artist files at'@en,0,,,,,,,,,,56519,
P9681,8,voted on by'@en,0,,,,,,,,,,2582,
P105,7,taxon rank'@en,0,,,,,,,,,,3599875,
P10714,7,WikiProject importance scale rating'@en,0,,,,,,,,,,7,
P1423,7,template has topic'@en,0,,,,,,,,,,22057,
P1533,7,family name identical to this given name'@en,0,,,,,,,,,,19437,
P205,7,basin country'@en,0,,,,,,,,,,17713,
P2125,7,Revised Hepburn romanization'@en,0,,,,,,,,,,384,
P2201,7,electric dipole moment'@en,0,,,,,,,,,,62,
P2560,7,GPU'@en,0,,,,,,,,,,161,
P2564,7,Köppen climate classification'@en,0,,,,,,,,,,2324,
P2787,7,longest span'@en,0,,,,,,,,,,1526,
P2854,7,disease burden'@en,0,,,,,,,,,,18,
P3754,7,average time complexity'@en,0,,,,,,,,,,41,
P4792,7,dam'@en,0,,,,,,,,,,3158,
P501,7,enclave within'@en,0,,,,,,,,,,248,
P5027,7,number of representations'@en,0,,,,,,,,,,1780,
P5692,7,dummy value'@en,0,,,,,,,,,,32,
P5998,7,distributary'@en,0,,,,,,,,,,119,
P6166,7,quotes work'@en,0,,,,,,,,,,376,
P8030,7,size designation'@en,0,,,,,,,,,,413,
P8329,7,principal investigator'@en,0,,,,,,,,,,3100,
P8852,7,facial hair'@en,0,,,,,,,,,,375,
P1049,6,worshipped by'@en,0,,,,,,,,,,2410,
P1060,6,disease transmission process'@en,0,,,,,,,,,,318,
P1096,6,orbital eccentricity'@en,0,,,,,,,,,,84638,
P1561,6,number of survivors'@en,0,,,,,,,,,,969,
P1574,6,exemplar of'@en,0,,,,,,,,,,1748,
P1605,6,has natural reservoir'@en,0,,,,,,,,,,441,
P167,6,structure replaced by'@en,0,,,,,,,,,,1771,
P1706,6,together with'@en,0,,,,,,,,,,74,
P1789,6,chief operating officer'@en,0,,,,,,,,,,69,
P2068,6,thermal conductivity'@en,0,,,,,,,,,,35,
P2118,6,kinematic viscosity'@en,0,,,,,,,,,,18,
P2150,6,FSB speed'@en,0,,,,,,,,,,10,
P2198,6,average gradient'@en,0,,,,,,,,,,21,
P2243,6,apoapsis'@en,0,,,,,,,,,,40741,
P2297,6,employment by economic sector'@en,0,,,,,,,,,,6,
P2643,6,Carnegie Classification of Institutions of Higher Education'@en,0,,,,,,,,,,17091,
P3095,6,practiced by'@en,0,,,,,,,,,,4925,
P3451,6,nighttime view'@en,0,,,,,,,,,,5405,
P3719,6,regulated by'@en,0,,,,,,,,,,487,
P3764,6,pole position'@en,0,,,,,,,,,,4674,
P3950,6,narrower external class'@en,0,,,,,,,,,,58,
P416,6,quantity symbol (string)'@en,0,,,,,,,,,,87,
P4183,6,angle from vertical'@en,0,,,,,,,,,,37,
P4350,6,salinity'@en,0,,,,,,,,,,43,
P447,6,review score by'@en,0,,,,,,,,,,13,
P500,6,exclave of'@en,0,,,,,,,,,,129,
P5230,6,chromosome count'@en,0,,,,,,,,,,72,
P543,6,oath made by'@en,0,,,,,,,,,,90,
P5483,6,hardness'@en,0,,,,,,,,,,19,
P5594,6,moisture absorption'@en,0,,,,,,,,,,7,
P562,6,central bank/issuer'@en,0,,,,,,,,,,438,
P5708,6,force'@en,0,,,,,,,,,,14,
P6241,6,collection creator'@en,0,,,,,,,,,,6303,
P6272,6,specific rotation'@en,0,,,,,,,,,,14,
P6439,6,has lyrics'@en,0,,,,,,,,,,416,
P6477,6,does not have quality'@en,0,,,,,,,,,,362,
P6639,6,capacity factor'@en,0,,,,,,,,,,41,
P6655,6,stroke order'@en,0,,,,,,,,,,124,
P6883,6,LilyPond notation'@en,0,,,,,,,,,,753,
P7086,6,start grade'@en,0,,,,,,,,,,3730,
P7422,6,minimum temperature record'@en,0,,,,,,,,,,140,
P8340,6,estimated value'@en,0,,,,,,,,,,189,
P8480,6,Ofsted inspection rating'@en,0,,,,,,,,,,11,
P8670,6,character designer'@en,0,,,,,,,,,,1848,
P8763,6,birth rate'@en,0,,,,,,,,,,6,
P9072,6,derived from organism type'@en,0,,,,,,,,,,137327,
P9376,6,law digest'@en,0,,,,,,,,,,7048,
P9721,6,image of entrance'@en,0,,,,,,,,,,1243,
P1039,5,kinship to subject'@en,0,,,,,,,,,,60,
P1088,5,Mohs\' hardness'@en,0,,,,,,,,,,328,
P1455,5,list of works'@en,0,,,,,,,,,,1297,
P1779,5,possible creator'@en,0,,,,,,,,,,38,
P1912,5,gene deletion association with'@en,0,,,,,,,,,,13,
P1993,5,TeX string'@en,0,,,,,,,,,,138,
P1995,5,health specialty'@en,0,,,,,,,,,,10263,
P2244,5,periapsis'@en,0,,,,,,,,,,40739,
P2429,5,expected completeness'@en,0,,,,,,,,,,3938,
P2441,5,literal translation'@en,0,,,,,,,,,,1271,
P2575,5,measures'@en,0,,,,,,,,,,262,
P2700,5,protocol'@en,0,,,,,,,,,,234,
P301,5,category\'s main topic'@en,0,,,,,,,,,,690384,
P3132,5,last line'@en,0,,,,,,,,,,14938,
P3205,5,patient of'@en,0,,,,,,,,,,75,
P3228,5,Schläfli symbol'@en,0,,,,,,,,,,262,
P4185,5,iconographic symbol'@en,0,,,,,,,,,,230,
P4218,5,shelf life'@en,0,,,,,,,,,,12,
P4353,5,nominated by'@en,0,,,,,,,,,,230,
P5056,5,patronym or matronym for this person'@en,0,,,,,,,,,,1398,
P5061,5,unit symbol'@en,0,,,,,,,,,,3390,
P5201,5,IMDA rating'@en,0,,,,,,,,,,565,
P5278,5,gender inflection of surname'@en,0,,,,,,,,,,5904,
P5896,5,trading fee'@en,0,,,,,,,,,,14,
P619,5,UTC date of spacecraft launch'@en,0,,,,,,,,,,6966,
P642,5,of'@en,0,,,,,,,,,,5074,
P6658,5,RCQ classification'@en,0,,,,,,,,,,1448,
P7169,5,substitute director/manager'@en,0,,,,,,,,,,16,
P7419,5,gender educated'@en,0,,,,,,,,,,2906,
P7584,5,age estimated by a dating method'@en,0,,,,,,,,,,734,
P8001,5,endorsed by'@en,0,,,,,,,,,,200,
P8289,5,parish church'@en,0,,,,,,,,,,7322,
P8550,5,law identifier'@en,0,,,,,,,,,,4416,
P873,5,phase point'@en,0,,,,,,,,,,27,
P927,5,anatomical location'@en,0,,,,,,,,,,3345,
P9714,5,taxon range'@en,0,,,,,,,,,,143,
P1035,4,honorific suffix'@en,0,,,,,,,,,,776,
P1080,4,from narrative universe'@en,0,,,,,,,,,,32454,
P114,4,airline alliance'@en,0,,,,,,,,,,278,
P1478,4,has immediate cause'@en,0,,,,,,,,,,125079,
P1611,4,NATO code for grade'@en,0,,,,,,,,,,362,
P183,4,endemic to'@en,0,,,,,,,,,,32508,
P1872,4,minimum number of players'@en,0,,,,,,,,,,942,
P1944,4,relief location map'@en,0,,,,,,,,,,778,
P2058,4,depositary'@en,0,,,,,,,,,,229,
P2129,4,immediately dangerous to life or health'@en,0,,,,,,,,,,403,
P2136,4,total imports'@en,0,,,,,,,,,,5,
P2254,4,maximum operating altitude'@en,0,,,,,,,,,,603,
P229,4,IATA airline designator'@en,0,,,,,,,,,,2759,
P2312,4,maximum value'@en,0,,,,,,,,,,9,
P2371,4,FAO risk status'@en,0,,,,,,,,,,653,
P2527,4,earthquake magnitude on the moment magnitude scale'@en,0,,,,,,,,,,168,
P2660,4,topographic prominence'@en,0,,,,,,,,,,13757,
P2701,4,file format'@en,0,,,,,,,,,,563,
P2712,4,median lethal concentration (LC50)'@en,0,,,,,,,,,,10,
P2716,4,collage image'@en,0,,,,,,,,,,2076,
P2853,4,electrical plug type'@en,0,,,,,,,,,,531,
P2964,4,right to vote'@en,0,,,,,,,,,,68,
P3033,4,package management system'@en,0,,,,,,,,,,193,
P3150,4,birthday'@en,0,,,,,,,,,,3258,
P3349,4,designed to carry'@en,0,,,,,,,,,,166,
P3403,4,coextensive with'@en,0,,,,,,,,,,4164,
P3440,4,time signature'@en,0,,,,,,,,,,81,
P3679,4,stock market index'@en,0,,,,,,,,,,78,
P3680,4,statement supported by'@en,0,,,,,,,,,,58,
P3701,4,incarnation of'@en,0,,,,,,,,,,89,
P3834,4,RTC film rating'@en,0,,,,,,,,,,2158,
P4070,4,identifier shared with'@en,0,,,,,,,,,,16,
P427,4,taxonomic type'@en,0,,,,,,,,,,28518,
P4444,4,reward'@en,0,,,,,,,,,,30,
P4856,4,conscription number'@en,0,,,,,,,,,,25875,
P5069,4,service life'@en,0,,,,,,,,,,38,
P5136,4,less than'@en,0,,,,,,,,,,62,
P5138,4,season of club or team'@en,0,,,,,,,,,,80037,
P5150,4,IGAC rating'@en,0,,,,,,,,,,1389,
P5204,4,date of commercialization'@en,0,,,,,,,,,,412,
P5248,4,medical evacuation to'@en,0,,,,,,,,,,39,
P550,4,chivalric order'@en,0,,,,,,,,,,64,
P5520,4,toughness'@en,0,,,,,,,,,,6,
P5676,4,relative permeability'@en,0,,,,,,,,,,8,
P568,4,overlies'@en,0,,,,,,,,,,1553,
P5707,4,samples from work'@en,0,,,,,,,,,,166,
P5715,4,Academia.edu profile URL'@en,0,,,,,,,,,,8865,
P5996,4,category for films in this language'@en,0,,,,,,,,,,289,
P6291,4,advertises'@en,0,,,,,,,,,,877,
P6440,4,maintenance method'@en,0,,,,,,,,,,38,
P6800,4,sequenced genome URL'@en,0,,,,,,,,,,949,
P6840,4,student organization of'@en,0,,,,,,,,,,35,
P6886,4,writing language'@en,0,,,,,,,,,,165469,
P693,4,cleavage'@en,0,,,,,,,,,,62,
P6978,4,Scandinavian middle family name'@en,0,,,,,,,,,,994,
P7228,4,access restriction status'@en,0,,,,,,,,,,403792,
P7589,4,enacted date'@en,0,,,,,,,,,,10050,
P7725,4,litter size'@en,0,,,,,,,,,,6527,
P8470,4,order number'@en,0,,,,,,,,,,89,
P8592,4,aerial view'@en,0,,,,,,,,,,2220,
P8991,4,ALA-LC romanization'@en,0,,,,,,,,,,9,
P9086,4,BAMID film rating'@en,0,,,,,,,,,,695,
P91,4,sexual orientation'@en,0,,,,,,,,,,4285,
P9192,4,sensors'@en,0,,,,,,,,,,189,
P931,4,place served by transport hub'@en,0,,,,,,,,,,12245,
P9906,4,inscription image'@en,0,,,,,,,,,,39,
P10067,3,train melody'@en,0,,,,,,,,,,14,
P10788,3,in operation on service'@en,0,,,,,,,,,,20,
P111,3,measured physical quantity'@en,0,,,,,,,,,,3620,
P1355,3,number of wins'@en,0,,,,,,,,,,757,
P1464,3,category for people born here'@en,0,,,,,,,,,,39298,
P1534,3,end cause'@en,0,,,,,,,,,,184,
P1817,3,addressee'@en,0,,,,,,,,,,49127,
P1909,3,side effect'@en,0,,,,,,,,,,39,
P2053,3,watershed area'@en,0,,,,,,,,,,27945,
P2145,3,explosive energy equivalent'@en,0,,,,,,,,,,2251,
P2154,3,binding energy'@en,0,,,,,,,,,,3442,
P2217,3,cruise speed'@en,0,,,,,,,,,,98,
P230,3,ICAO airline designator'@en,0,,,,,,,,,,3393,
P2319,3,elector'@en,0,,,,,,,,,,67,
P2430,3,takeoff roll'@en,0,,,,,,,,,,9,
P2579,3,studied by'@en,0,,,,,,,,,,6223,
P2710,3,minimal lethal concentration'@en,0,,,,,,,,,,4,
P3492,3,basic reproduction number'@en,0,,,,,,,,,,9,
P3501,3,Christian liturgical rite'@en,0,,,,,,,,,,15081,
P358,3,discography'@en,0,,,,,,,,,,12070,
P3740,3,number of works'@en,0,,,,,,,,,,58,
P397,3,parent astronomical body'@en,0,,,,,,,,,,12516,
P3994,3,racon signal'@en,0,,,,,,,,,,272,
P4101,3,dissertation submitted to'@en,0,,,,,,,,,,76098,
P4506,3,Formal Public Identifier'@en,0,,,,,,,,,,19,
P4733,3,produced sound'@en,0,,,,,,,,,,56,
P489,3,currency symbol description'@en,0,,,,,,,,,,186,
P517,3,interaction'@en,0,,,,,,,,,,291,
P518,3,applies to part'@en,0,,,,,,,,,,198,
P5872,3,perfume note'@en,0,,,,,,,,,,20,
P6532,3,has phenotype'@en,0,,,,,,,,,,166,
P6570,3,number of words'@en,0,,,,,,,,,,1002,
P66,3,ancestral home'@en,0,,,,,,,,,,1853,
P7376,3,worn by'@en,0,,,,,,,,,,217,
P7573,3,IFCO rating'@en,0,,,,,,,,,,836,
P7782,3,category for ship name'@en,0,,,,,,,,,,30691,
P7971,3,food energy'@en,0,,,,,,,,,,22,
P8097,3,network bands'@en,0,,,,,,,,,,26,
P8115,3,eligible recipient'@en,0,,,,,,,,,,70,
P8258,3,field of training'@en,0,,,,,,,,,,23,
P8556,3,extinction date'@en,0,,,,,,,,,,120,
P8571,3,external auditor'@en,0,,,,,,,,,,125,
P8822,3,epithet'@en,0,,,,,,,,,,27,
P8887,3,water area'@en,0,,,,,,,,,,5673,
P9396,3,trade union membership rate'@en,0,,,,,,,,,,3,
P965,3,burial plot reference'@en,0,,,,,,,,,,1023,
P9660,3,not found in'@en,0,,,,,,,,,,2439,
P9732,3,URL for citizen\'s initiatives'@en,0,,,,,,,,,,249,
P9740,3,number of request signatories'@en,0,,,,,,,,,,14,
P9924,3,number of evacuated'@en,0,,,,,,,,,,9,
P9972,3,illustrative content'@en,0,,,,,,,,,,74,
P10027,2,official forum URL'@en,0,,,,,,,,,,104,
P10374,2,computational complexity'@en,0,,,,,,,,,,79,
P10607,2,athletics program'@en,0,,,,,,,,,,127,
P10654,2,rack system'@en,0,,,,,,,,,,18,
P10664,2,featured track(s)'@en,0,,,,,,,,,,20,
P1099,2,number of masts'@en,0,,,,,,,,,,65,
P1247,2,compression ratio'@en,0,,,,,,,,,,71,
P1264,2,valid in period'@en,0,,,,,,,,,,215,
P1434,2,takes place in fictional universe'@en,0,,,,,,,,,,17106,
P1456,2,list of monuments'@en,0,,,,,,,,,,20213,
P1470,2,maximum glide ratio'@en,0,,,,,,,,,,27,
P1471,2,reporting mark'@en,0,,,,,,,,,,1036,
P1629,2,Wikidata item of this property'@en,0,,,,,,,,,,9947,
P1654,2,wing configuration'@en,0,,,,,,,,,,1131,
P1660,2,has index case'@en,0,,,,,,,,,,27,
P1683,2,quotation'@en,0,,,,,,,,,,82,
P1689,2,central government debt as a percent of GDP'@en,0,,,,,,,,,,2,
P1725,2,beats per minute'@en,0,,,,,,,,,,1291,
P1811,2,list of episodes'@en,0,,,,,,,,,,4561,
P1898,2,lowest note'@en,0,,,,,,,,,,9,
P1931,2,NIOSH Pocket Guide ID'@en,0,,,,,,,,,,716,
P2077,2,under pressure'@en,0,,,,,,,,,,18,
P2098,2,substitute/deputy/replacement of office/officeholder'@en,0,,,,,,,,,,623,
P2112,2,wing area'@en,0,,,,,,,,,,106,
P2116,2,molar enthalpy of vaporization'@en,0,,,,,,,,,,24,
P2197,2,production rate'@en,0,,,,,,,,,,47,
P2208,2,average shot length'@en,0,,,,,,,,,,8,
P2210,2,relative to'@en,0,,,,,,,,,,50,
P2212,2,angular distance'@en,0,,,,,,,,,,442,
P2230,2,torque'@en,0,,,,,,,,,,27,
P2236,2,external subproperty'@en,0,,,,,,,,,,103,
P2292,2,consumption rate'@en,0,,,,,,,,,,3,
P2325,2,mean anomaly'@en,0,,,,,,,,,,44738,
P2361,2,online service'@en,0,,,,,,,,,,48,
P2396,2,image of function'@en,0,,,,,,,,,,48,
P249,2,ticker symbol'@en,0,,,,,,,,,,66,
P2520,2,UNESCO Biosphere Reserve URL'@en,0,,,,,,,,,,749,
P2546,2,sidekick of'@en,0,,,,,,,,,,256,
P2680,2,author of afterword'@en,0,,,,,,,,,,86,
P2702,2,dataset distribution'@en,0,,,,,,,,,,20,
P2784,2,Mercalli intensity scale'@en,0,,,,,,,,,,75,
P2808,2,wavelength'@en,0,,,,,,,,,,72,
P2841,2,age of onset'@en,0,,,,,,,,,,7,
P2918,2,PO Box'@en,0,,,,,,,,,,432,
P2959,2,permanent duplicated item'@en,0,,,,,,,,,,14385,
P2992,2,software quality assurance'@en,0,,,,,,,,,,434,
P3030,2,sheet music'@en,0,,,,,,,,,,452,
P3216,2,ClassInd rating'@en,0,,,,,,,,,,2061,
P3254,2,property proposal discussion'@en,0,,,,,,,,,,10056,
P3306,2,ICAA rating'@en,0,,,,,,,,,,4165,
P3439,2,angular resolution'@en,0,,,,,,,,,,42,
P3771,2,activator of'@en,0,,,,,,,,,,9,
P3793,2,IPv6 routing prefix'@en,0,,,,,,,,,,2751,
P3823,2,Ethnologue language status'@en,0,,,,,,,,,,7393,
P3833,2,diaspora'@en,0,,,,,,,,,,275,
P3878,2,Soundex'@en,0,,,,,,,,,,248083,
P4002,2,WFD Ecological status'@en,0,,,,,,,,,,7415,
P4132,2,linguistic typology'@en,0,,,,,,,,,,2264,
P4137,2,muzzle velocity'@en,0,,,,,,,,,,18,
P4195,2,category for employees of the organization'@en,0,,,,,,,,,,3229,
P4290,2,official app'@en,0,,,,,,,,,,103,
P4446,2,reward program'@en,0,,,,,,,,,,275,
P4510,2,describes a project that uses'@en,0,,,,,,,,,,1020,
P4595,2,post town'@en,0,,,,,,,,,,4874,
P4896,2,3D model'@en,0,,,,,,,,,,1048,
P4909,2,number of players in region'@en,0,,,,,,,,,,114,
P5017,2,last update'@en,0,,,,,,,,,,170,
P5028,2,sound designer'@en,0,,,,,,,,,,3333,
P5053,2,fastest lap'@en,0,,,,,,,,,,2581,
P5109,2,has grammatical gender'@en,0,,,,,,,,,,133,
P522,2,type of orbit'@en,0,,,,,,,,,,1184,
P524,2,temporal range end'@en,0,,,,,,,,,,115,
P5386,2,JMA Seismic Intensity Scale'@en,0,,,,,,,,,,101,
P5389,2,permanent resident of'@en,0,,,,,,,,,,1301,
P5412,2,romanization of Belarusian (2007 system)'@en,0,,,,,,,,,,25029,
P5479,2,ultimate tensile strength'@en,0,,,,,,,,,,18,
P5518,2,four-corner method'@en,0,,,,,,,,,,114,
P5529,2,yield strength'@en,0,,,,,,,,,,8,
P5592,2,number of works accessible online'@en,0,,,,,,,,,,2,
P5623,2,type of water supply'@en,0,,,,,,,,,,1475,
P5669,2,compressive strength'@en,0,,,,,,,,,,4,
P5677,2,flexural strength'@en,0,,,,,,,,,,9,
P5679,2,electrical resistivity'@en,0,,,,,,,,,,6,
P5706,2,shear strength'@en,0,,,,,,,,,,2,
P5805,2,OSI Model layer location'@en,0,,,,,,,,,,91,
P5810,2,cryptocurrency symbol'@en,0,,,,,,,,,,64,
P5878,2,Taxonomic Literature 2 number'@en,0,,,,,,,,,,259,
P5895,2,foreign transaction fee'@en,0,,,,,,,,,,51,
P5970,2,Medierådet rating'@en,0,,,,,,,,,,10733,
P6106,2,uses capitalization for'@en,0,,,,,,,,,,53,
P617,2,yard number'@en,0,,,,,,,,,,17188,
P6365,2,member category'@en,0,,,,,,,,,,3850,
P6587,2,league system'@en,0,,,,,,,,,,230,
P6590,2,highest break'@en,0,,,,,,,,,,799,
P6710,2,linear reference'@en,0,,,,,,,,,,88,
P6879,2,effective temperature'@en,0,,,,,,,,,,639377,
P6889,2,microarchitecture'@en,0,,,,,,,,,,200,
P6954,2,online access status'@en,0,,,,,,,,,,5135,
P7163,2,typically sells'@en,0,,,,,,,,,,306,
P7167,2,does not have effect'@en,0,,,,,,,,,,32,
P7243,2,pronunciation'@en,0,,,,,,,,,,47,
P7417,2,image of backside'@en,0,,,,,,,,,,206,
P7420,2,image with frame'@en,0,,,,,,,,,,2641,
P7469,2,orientation'@en,0,,,,,,,,,,379,
P7514,2,landscape architect'@en,0,,,,,,,,,,196,
P8000,2,electron configuration'@en,0,,,,,,,,,,51,
P8127,2,tournament format'@en,0,,,,,,,,,,1876,
P8195,2,ex-libris'@en,0,,,,,,,,,,158,
P8247,2,nominal share capital'@en,0,,,,,,,,,,64,
P8307,2,has sorting'@en,0,,,,,,,,,,41,
P8345,2,media franchise'@en,0,,,,,,,,,,31009,
P835,2,author citation (zoology)'@en,0,,,,,,,,,,4743,
P8606,2,Stairway To Hell ID'@en,0,,,,,,,,,,44,
P8652,2,Netflix maturity rating'@en,0,,,,,,,,,,43,
P8738,2,permits'@en,0,,,,,,,,,,23,
P8746,2,check-out time'@en,0,,,,,,,,,,2528,
P878,2,avionics'@en,0,,,,,,,,,,168,
P8791,2,digitised by'@en,0,,,,,,,,,,2706,
P9047,2,archaeological site of'@en,0,,,,,,,,,,5445,
P9059,2,subdivision of this unit'@en,0,,,,,,,,,,128,
P9138,2,service status information URL'@en,0,,,,,,,,,,156,
P9237,2,reissue of'@en,0,,,,,,,,,,251,
P9302,2,script style'@en,0,,,,,,,,,,353,
P9494,2,accessibility statement URL'@en,0,,,,,,,,,,15,
P9548,2,earned run average'@en,0,,,,,,,,,,18,
P9549,2,official podcast'@en,0,,,,,,,,,,146,
P9969,2,catalogue raisonné'@en,0,,,,,,,,,,228,
P9989,2,stylized name'@en,0,,,,,,,,,,21,
P10655,1,oeconym'@en,0,,,,,,,,,,36,
P1074,1,fictional analog of'@en,0,,,,,,,,,,1977,
P1121,1,oxidation state'@en,0,,,,,,,,,,174,
P1165,1,home world'@en,0,,,,,,,,,,1697,
P1183,1,Gewässerkennzahl'@en,0,,,,,,,,,,1528,
P1393,1,proxy'@en,0,,,,,,,,,,37,
P1543,1,monogram'@en,0,,,,,,,,,,528,
P1853,1,blood type'@en,0,,,,,,,,,,31877,
P2017,1,isomeric SMILES'@en,0,,,,,,,,,,359811,
P2021,1,Erdős number'@en,0,,,,,,,,,,2366,
P2069,1,magnetic moment'@en,0,,,,,,,,,,17,
P2113,1,sublimation temperature'@en,0,,,,,,,,,,30,
P2155,1,solid solution series with'@en,0,,,,,,,,,,207,
P223,1,galaxy morphological type'@en,0,,,,,,,,,,120399,
P2248,1,argument of periapsis'@en,0,,,,,,,,,,45782,
P2285,1,periapsis date'@en,0,,,,,,,,,,46,
P2364,1,production code'@en,0,,,,,,,,,,15425,
P2366,1,Roman agnomen'@en,0,,,,,,,,,,46,
P2384,1,statement describes'@en,0,,,,,,,,,,195,
P2540,1,Aarne–Thompson–Uther Tale Type Index'@en,0,,,,,,,,,,583,
P2822,1,by-product of'@en,0,,,,,,,,,,37,
P2848,1,Wi-Fi access'@en,0,,,,,,,,,,4529,
P2872,1,visitor centre'@en,0,,,,,,,,,,555,
P2999,1,age of consent'@en,0,,,,,,,,,,20,
P3189,1,innervated by'@en,0,,,,,,,,,,296,
P3310,1,muscle action'@en,0,,,,,,,,,,255,
P3335,1,associated hazard'@en,0,,,,,,,,,,72,
P3387,1,minimum frequency of audible sound'@en,0,,,,,,,,,,14,
P3465,1,maximum frequency of audible sound'@en,0,,,,,,,,,,14,
P3487,1,maximal incubation period in humans'@en,0,,,,,,,,,,117,
P3493,1,legal status (medicine)'@en,0,,,,,,,,,,20,
P3512,1,means of locomotion'@en,0,,,,,,,,,,104,
P375,1,space launch vehicle'@en,0,,,,,,,,,,6831,
P3876,1,category for alumni of educational institution'@en,0,,,,,,,,,,15419,
P3880,1,Caverphone'@en,0,,,,,,,,,,246109,
P4140,1,energy storage capacity'@en,0,,,,,,,,,,177,
P4163,1,magnification'@en,0,,,,,,,,,,76,
P4387,1,update method'@en,0,,,,,,,,,,118,
P4600,1,polymer of'@en,0,,,,,,,,,,72,
P4743,1,animal breed'@en,0,,,,,,,,,,8735,
P490,1,provisional designation'@en,0,,,,,,,,,,120543,
P4988,1,test method'@en,0,,,,,,,,,,27,
P5051,1,towards'@en,0,,,,,,,,,,64,
P5095,1,fault'@en,0,,,,,,,,,,20,
P5131,1,possible medical findings'@en,0,,,,,,,,,,96,
P5132,1,suggests the existence of'@en,0,,,,,,,,,,234,
P523,1,temporal range start'@en,0,,,,,,,,,,138,
P5304,1,type locality (biology)'@en,0,,,,,,,,,,613,
P5588,1,invasive to'@en,0,,,,,,,,,,124,
P567,1,underlies'@en,0,,,,,,,,,,1540,
P624,1,guidance system'@en,0,,,,,,,,,,248,
P7008,1,unabbreviated text'@en,0,,,,,,,,,,5,
P702,1,encoded by'@en,0,,,,,,,,,,976833,
P7078,1,typing discipline'@en,0,,,,,,,,,,774,
P7103,1,start of covered period'@en,0,,,,,,,,,,21316,
P7160,1,manner of inhumane treatment'@en,0,,,,,,,,,,144,
P7501,1,audio system'@en,0,,,,,,,,,,2076,
P7643,1,covered period'@en,0,,,,,,,,,,33,
P789,1,edibility'@en,0,,,,,,,,,,787,
P8005,1,research subject recruitment status'@en,0,,,,,,,,,,51323,
P8009,1,IM channel'@en,0,,,,,,,,,,44,
P811,1,academic minor'@en,0,,,,,,,,,,102,
P9566,1,diel cycle'@en,0,,,,,,,,,,558,
P9946,1,date of probate'@en,0,,,,,,,,,,17,
,91148503,,,,,,,,,,,,,
