Preferred Claims (preferredRank-claims-pred-count-label) - Contagem de predicados associados a CLAIMS com rank=preferred,,,,,
Predicate,Count,Label,Frequency,,Accumulated Freq
P1215,3914843,apparent magnitude'@en,"71,43",,"71,43"
P1082,225689,population'@en,"4,12",,"75,55"
P131,185778,located in the administrative territorial entity'@en,"3,39",,"78,94"
P8687,174665,social media followers'@en,"3,19",,"82,13"
P17,88322,country'@en,"1,61",,"83,74"
P31,77369,instance of'@en,"1,41",,"85,15"
P569,76903,date of birth'@en,"1,4",,"86,55"
P150,61848,contains administrative territorial entity'@en,"1,13",,"87,68"
P764,59749,OKTMO ID'@en,"1,09",,"88,77"
P1540,50994,male population'@en,"0,93",TOP-10,"89,7"
P1539,50976,female population'@en,"0,93",TOP-K,"90,63"
P721,50531,OKATO ID'@en,"0,92",,"91,55"
P570,46916,date of death'@en,"0,86",,"92,41"
P1538,45281,number of households'@en,"0,83",,"93,24"
P6499,36597,literate population'@en,"0,67",,"93,91"
P6498,35386,illiterate population'@en,"0,65",,"94,56"
P18,23555,image'@en,"0,43",,"94,99"
P2046,14366,area'@en,"0,26",,"95,25"
P735,12692,given name'@en,"0,23",,"95,48"
P856,11832,official website'@en,"0,22",,"95,7"
P1114,9856,quantity'@en,"0,18",,"95,88"
P4080,9554,number of houses'@en,"0,17",,"96,05"
P348,8513,software version identifier'@en,"0,16",,"96,21"
P1448,8095,official name'@en,"0,15",,"96,36"
P625,7042,coordinate location'@en,"0,13",,"96,49"
P1153,6766,Scopus author ID'@en,"0,12",,"96,61"
P36,6714,capital'@en,"0,12",,"96,73"
P1376,6647,capital of'@en,"0,12",,"96,85"
P2124,5223,member count'@en,"0,1",,"96,95"
P27,5123,country of citizenship'@en,"0,09",,"97,04"
P6,4964,head of government'@en,"0,09",,"97,13"
P175,4871,performer'@en,"0,09",,"97,22"
P1476,4868,title'@en,"0,09",,"97,31"
P571,4547,inception'@en,"0,08",,"97,39"
P20,4347,place of death'@en,"0,08",,"97,47"
P106,4312,occupation'@en,"0,08",,"97,55"
P19,3940,place of birth'@en,"0,07",,"97,62"
P102,3605,member of political party'@en,"0,07",,"97,69"
P921,3388,main subject'@en,"0,06",,"97,75"
P1661,2911,Alexa rank'@en,"0,05",,"97,8"
P39,2844,position held'@en,"0,05",,"97,85"
P2403,2728,total assets'@en,"0,05",,"97,9"
P154,2708,logo image'@en,"0,05",,"97,95"
P3872,2627,patronage'@en,"0,05",,98
P54,2327,member of sports team'@en,"0,04",,"98,04"
P1705,2314,native label'@en,"0,04",,"98,08"
P1831,2174,electorate'@en,"0,04",,"98,12"
P734,2051,family name'@en,"0,04",,"98,16"
P1308,1902,officeholder'@en,"0,03",,"98,19"
P577,1858,publication date'@en,"0,03",,"98,22"
P8843,1736,poverty incidence'@en,"0,03",,"98,25"
P197,1700,adjacent station'@en,"0,03",,"98,28"
P2402,1609,total expenditure'@en,"0,03",,"98,31"
P2138,1606,total liabilities'@en,"0,03",,"98,34"
P2139,1598,total revenue'@en,"0,03",,"98,37"
P3087,1586,fiscal/tax revenue'@en,"0,03",,"98,4"
P1128,1502,employees'@en,"0,03",,
P171,1429,parent taxon'@en,"0,03",,
P1447,1392,Sports-Reference.com Olympic athlete ID (archived)'@en,"0,03",,
P488,1313,chairperson'@en,"0,02",,
P159,1271,headquarters location'@en,"0,02",,
P227,1252,GND ID'@en,"0,02",,
P214,1237,VIAF ID'@en,"0,02",,
P1324,1220,source code repository'@en,"0,02",,
P127,1179,owned by'@en,"0,02",,
P286,1164,head coach'@en,"0,02",,
P527,1086,has part or parts'@en,"0,02",,
P26,1076,spouse'@en,"0,02",,
P138,1036,named after'@en,"0,02",,
P749,1019,parent organization'@en,"0,02",,
P2295,973,net profit'@en,"0,02",,
P306,950,operating system'@en,"0,02",,
P1435,922,heritage designation'@en,"0,02",,
P374,907,INSEE municipality code'@en,"0,02",,
P276,903,location'@en,"0,02",,
P2002,902,Twitter username'@en,"0,02",,
P1433,887,published in'@en,"0,02",,
P137,887,operator'@en,"0,02",,
P6375,880,street address'@en,"0,02",,
P166,832,award received'@en,"0,02",,
P242,813,locator map image'@en,"0,01",,
P3362,806,operating income'@en,"0,01",,
P1813,765,short name'@en,"0,01",,
P118,764,league'@en,"0,01",,
P1685,733,Pokédex / Pokémon browser number'@en,"0,01",,
P217,727,inventory number'@en,"0,01",,
P1630,713,formatter URL'@en,"0,01",,
P108,702,employer'@en,"0,01",,
P1037,691,director / manager'@en,"0,01",,
P2137,674,total equity'@en,"0,01",,
P195,660,collection'@en,"0,01",,
P1352,652,ranking'@en,"0,01",,
P2043,597,length'@en,"0,01",,
P1412,589,"languages spoken, written or signed'@en","0,01",,
P121,548,item operated'@en,"0,01",,
P407,546,language of work or name'@en,"0,01",,
P2013,529,Facebook ID'@en,"0,01",,
P161,508,cast member'@en,"0,01",,
P41,504,flag image'@en,"0,01",,
P361,502,part of'@en,"0,01",,
P836,498,GSS code (2011)'@en,"0,01",,
P1532,475,country for sport'@en,"0,01",,
P709,438,Historic Scotland ID'@en,"0,01",,
P1030,432,light characteristic'@en,"0,01",,
P94,431,coat of arms image'@en,"0,01",,
P47,427,shares border with'@en,"0,01",,
P2196,418,students count'@en,"0,01",,
P4819,409,Swedish Portrait Archive ID'@en,"0,01",,
P169,405,chief executive officer'@en,"0,01",,
P410,402,military rank'@en,"0,01",,
P1559,396,name in native language'@en,"0,01",,
P279,390,subclass of'@en,"0,01",,
P4023,379,German Football Association person ID'@en,"0,01",,
P2048,377,height'@en,"0,01",,
P691,359,NKCR AUT ID'@en,"0,01",,
P364,357,original language of film or TV show'@en,"0,01",,
P2769,352,budget'@en,"0,01",,
P81,350,connecting line'@en,"0,01",,
P1454,350,legal form'@en,"0,01",,
P119,345,place of burial'@en,"0,01",,
P268,333,Bibliothèque nationale de France ID'@en,"0,01",,
P282,327,writing system'@en,"0,01",,
P7938,323,associated electoral district'@en,"0,01",,
P551,320,residence'@en,"0,01",,
P275,317,copyright license'@en,"0,01",,
P2109,317,installed capacity'@en,"0,01",,
P2044,317,elevation above sea level'@en,"0,01",,
P69,310,educated at'@en,"0,01",,
P530,309,diplomatic relation'@en,"0,01",,
P2561,308,name'@en,"0,01",,
P14,308,traffic sign'@en,"0,01",,
P4131,300,annual energy output'@en,"0,01",,
P109,295,signature'@en,"0,01",,
P973,294,described at URL'@en,"0,01",,
P559,286,terminus'@en,"0,01",,
P742,282,pseudonym'@en,"0,01",,
P123,282,publisher'@en,"0,01",,
P490,273,provisional designation'@en,0,,
P5353,271,school district'@en,0,,
P463,269,member of'@en,0,,
P300,269,ISO 3166-2 code'@en,0,,
P136,269,genre'@en,0,,
P1220,268,Internet Broadway Database person ID'@en,0,,
P345,264,IMDb ID'@en,0,,
P281,264,postal code'@en,0,,
P115,263,home venue'@en,0,,
P2504,261,Norwegian municipality number'@en,0,,
P4876,259,number of records'@en,0,,
P2131,257,nominal GDP'@en,0,,
P1603,257,number of cases'@en,0,,
P2132,256,nominal GDP per capita'@en,0,,
P1120,256,number of deaths'@en,0,,
P648,245,Open Library ID'@en,0,,
P669,239,located on street'@en,0,,
P579,237,IMA status and/or rank'@en,0,,
P2123,237,YerelNet village ID'@en,0,,
P1081,231,Human Development Index'@en,0,,
P449,227,original broadcaster'@en,0,,
P708,225,diocese'@en,0,,
P50,225,author'@en,0,,
P4441,225,hydraulic head'@en,0,,
P5101,221,Swedish Literature Bank Author ID'@en,0,,
P170,217,creator'@en,0,,
P4224,214,category contains'@en,0,,
P244,214,Library of Congress authority ID'@en,0,,
P180,214,depicts'@en,0,,
P1140,211,EHAK id'@en,0,,
P355,210,subsidiary'@en,0,,
P2250,208,life expectancy'@en,0,,
P6263,206,MinDat mineral ID'@en,0,,
P7859,203,WorldCat Identities ID'@en,0,,
P4841,203,total fertility rate'@en,0,,
P21,199,sex or gender'@en,0,,
P2003,198,Instagram username'@en,0,,
P4010,197,GDP (PPP)'@en,0,,
P2299,197,PPP GDP per capita'@en,0,,
P879,196,pennant number'@en,0,,
P1279,195,inflation rate'@en,0,,
P5491,193,BD Gest\' author ID'@en,0,,
P1174,190,visitors per year'@en,0,,
P213,189,ISNI'@en,0,,
P495,188,country of origin'@en,0,,
P2397,181,YouTube channel ID'@en,0,,
P1098,181,"number of speakers, writers, or signers'@en",0,,
P466,176,occupant'@en,0,,
P35,176,head of state'@en,0,,
P2134,176,total reserves'@en,0,,
P605,172,NUTS code'@en,0,,
P2671,172,Google Knowledge Graph ID'@en,0,,
P2573,172,number of out-of-school children'@en,0,,
P582,171,end time'@en,0,,
P1824,167,road number'@en,0,,
P2789,164,connects with'@en,0,,
P1621,163,detail map'@en,0,,
P140,163,religion or worldview'@en,0,,
P366,162,has use'@en,0,,
P6127,158,Letterboxd film ID'@en,0,,
P800,155,notable work'@en,0,,
P5104,151,New Zealand Gazetteer place ID'@en,0,,
P2145,150,explosive energy equivalent'@en,0,,
P576,148,"dissolved, abolished or demolished date'@en",0,,
P496,147,ORCID iD'@en,0,,
P2664,138,units sold'@en,0,,
P1477,138,birth name'@en,0,,
P8047,137,country of registry'@en,0,,
P1827,136,ISWC'@en,0,,
P1618,133,sport number'@en,0,,
P6720,129,interwiki prefix at Wikimedia'@en,0,,
P1566,129,GeoNames ID'@en,0,,
P126,129,maintained by'@en,0,,
P8419,126,Archive of Our Own tag'@en,0,,
P1651,126,YouTube video ID'@en,0,,
P1451,124,motto text'@en,0,,
P641,122,sport'@en,0,,
P3654,122,Chess.com member ID'@en,0,,
P5570,118,NooSFere author ID'@en,0,,
P964,116,Austrian municipality key'@en,0,,
P101,116,field of work'@en,0,,
P373,114,Commons category'@en,0,,
P176,114,manufacturer'@en,0,,
P421,112,located in time zone'@en,0,,
P2049,112,width'@en,0,,
P190,110,twinned administrative body'@en,0,,
P1075,110,rector'@en,0,,
P241,109,military branch'@en,0,,
P3182,108,FANTOIR code'@en,0,,
P1181,107,numeric value'@en,0,,
P901,105,FIPS 10-4 (countries and regions)'@en,0,,
P186,105,made from material'@en,0,,
P512,104,academic degree'@en,0,,
P1998,102,UCI code of cycling team'@en,0,,
P809,101,WDPA ID'@en,0,,
P2047,101,duration'@en,0,,
P9435,100,KATOTTH ID'@en,0,,
P1192,99,connecting service'@en,0,,
P8328,98,Democracy Index'@en,0,,
P1619,98,date of official opening'@en,0,,
P2067,97,mass'@en,0,,
P1680,97,subtitle'@en,0,,
P580,96,start time'@en,0,,
P968,95,email address'@en,0,,
P953,94,full work available at URL'@en,0,,
P484,93,"IMA Number, broad sense'@en",0,,
P3320,93,board member'@en,0,,
P937,91,work location'@en,0,,
P528,91,catalog code'@en,0,,
P2146,91,orbital period'@en,0,,
P38,90,currency'@en,0,,
P2120,90,radius'@en,0,,
P9863,89,Gujarati Vishwakosh entry'@en,0,,
P798,89,military designation'@en,0,,
P1083,89,maximum capacity'@en,0,,
P4762,88,Common Database on Designated Areas ID'@en,0,,
P402,86,OpenStreetMap relation ID'@en,0,,
P3977,86,Songkick venue ID'@en,0,,
P2505,86,carries'@en,0,,
P1329,86,phone number'@en,0,,
P9339,85,Bavarian Monument Map object ID (architectural monument)'@en,0,,
P291,85,place of publication'@en,0,,
P15,85,route map'@en,0,,
P156,83,followed by'@en,0,,
P618,81,source of energy'@en,0,,
P607,80,conflict'@en,0,,
P5817,79,state of use'@en,0,,
P86,78,composer'@en,0,,
P3438,78,vehicle normally used'@en,0,,
P22,77,father'@en,0,,
P10431,77,Portable Antiquities Scheme object type identifier'@en,0,,
P509,76,cause of death'@en,0,,
P264,76,record label'@en,0,,
P2333,76,Norwegian organisation number'@en,0,,
P3615,75,Vision of Britain unit ID'@en,0,,
P237,75,coat of arms'@en,0,,
P729,74,service entry'@en,0,,
P434,74,MusicBrainz artist ID'@en,0,,
P371,74,presenter'@en,0,,
P1896,74,source website for the property'@en,0,,
P155,73,follows'@en,0,,
P277,72,programming language'@en,0,,
P40,71,child'@en,0,,
P212,71,ISBN-13'@en,0,,
P676,70,lyrics by'@en,0,,
P1830,70,owner of'@en,0,,
P1449,70,nickname'@en,0,,
P1064,70,track gauge'@en,0,,
P1001,69,applies to jurisdiction'@en,0,,
P2347,68,YSO ID'@en,0,,
P4912,67,century breaks'@en,0,,
P178,66,developer'@en,0,,
P8505,65,traffic sign template image'@en,0,,
P1113,65,number of episodes'@en,0,,
P541,64,office contested'@en,0,,
P1442,64,image of grave'@en,0,,
P535,62,Find a Grave memorial ID'@en,0,,
P2923,62,focal height'@en,0,,
P296,61,station code'@en,0,,
P1303,61,instrument'@en,0,,
P2663,60,common equity tier 1 capital ratio (CETI)'@en,0,,
P16,60,transport network'@en,0,,
P1142,60,political ideology'@en,0,,
P910,57,topic\'s main category'@en,0,,
P2284,57,price'@en,0,,
P8295,56,AustLit ID'@en,0,,
P439,56,German municipality key'@en,0,,
P2437,56,number of seasons'@en,0,,
P1343,56,described by source'@en,0,,
P1313,56,office held by head of government'@en,0,,
P1629,55,Wikidata item of this property'@en,0,,
P2929,54,lighthouse range'@en,0,,
P272,54,production company'@en,0,,
P1843,54,taxon common name'@en,0,,
P400,53,platform'@en,0,,
P1770,53,Romania LMI code'@en,0,,
P112,53,founded by'@en,0,,
P98,52,editor'@en,0,,
P840,52,narrative location'@en,0,,
P585,52,point in time'@en,0,,
P2963,52,Goodreads author ID'@en,0,,
P1971,52,number of children'@en,0,,
P1867,52,eligible voters'@en,0,,
P84,51,architect'@en,0,,
P803,51,professorship'@en,0,,
P452,50,industry'@en,0,,
P269,50,IdRef ID'@en,0,,
P206,50,located in or next to body of water'@en,0,,
P1342,50,number of seats'@en,0,,
P609,49,terminus location'@en,0,,
P1401,49,bug tracking system'@en,0,,
P793,48,significant event'@en,0,,
P1056,48,product or material produced'@en,0,,
P395,47,licence plate code'@en,0,,
P2670,47,has part(s) of the class'@en,0,,
P179,47,part of the series'@en,0,,
P162,47,producer'@en,0,,
P9345,46,Discord server numeric ID'@en,0,,
P7101,46,privacy policy URL'@en,0,,
P465,46,sRGB color hex triplet'@en,0,,
P301,46,category\'s main topic'@en,0,,
P239,46,ICAO airport code'@en,0,,
P2910,45,icon'@en,0,,
P1581,45,official blog'@en,0,,
P3153,44,Crossref funder ID'@en,0,,
P305,44,IETF language tag'@en,0,,
P683,43,ChEBI ID'@en,0,,
P6087,43,coach of sports team'@en,0,,
P5769,43,editor-in-chief'@en,0,,
P414,43,stock exchange'@en,0,,
P3975,43,secretary general'@en,0,,
P2936,43,language used'@en,0,,
P2541,43,operating area'@en,0,,
P5607,42,located in the ecclesiastical territorial entity'@en,0,,
P4012,42,Semantic Scholar author ID'@en,0,,
P3373,42,sibling'@en,0,,
P2218,42,net worth'@en,0,,
P5555,41,schematic'@en,0,,
P473,41,local dialing code'@en,0,,
P2957,41,throughput'@en,0,,
P158,41,seal image'@en,0,,
P1549,41,demonym'@en,0,,
P2978,40,wheel arrangement'@en,0,,
P998,39,Curlie ID'@en,0,,
P9748,39,Wikimedia Incubator URL'@en,0,,
P6634,39,LinkedIn personal profile ID'@en,0,,
P5775,39,image of interior'@en,0,,
P1027,39,conferred by'@en,0,,
P92,38,main regulatory text'@en,0,,
P726,38,candidate'@en,0,,
P646,38,Freebase ID'@en,0,,
P403,38,mouth of the watercourse'@en,0,,
P37,38,official language'@en,0,,
P25,38,mother'@en,0,,
P7014,37,terms of service URL'@en,0,,
P413,37,position played on team / speciality'@en,0,,
P3185,37,VK ID'@en,0,,
P2436,37,voltage'@en,0,,
P1953,37,Discogs artist ID'@en,0,,
P1902,37,Spotify artist ID'@en,0,,
P105,37,taxon rank'@en,0,,
P6216,36,copyright status'@en,0,,
P53,36,family'@en,0,,
P2672,36,SOATO ID'@en,0,,
P243,36,OCLC control number'@en,0,,
P1441,36,present in work'@en,0,,
P9597,35,type of lens'@en,0,,
P6874,35,Musixmatch artist ID'@en,0,,
P462,35,color'@en,0,,
P437,35,distribution format'@en,0,,
P2186,35,Wiki Loves Monuments ID'@en,0,,
P172,35,ethnic group'@en,0,,
P4839,34,Wolfram Language entity code'@en,0,,
P2456,34,DBLP author ID'@en,0,,
P2283,34,uses'@en,0,,
P2226,34,market capitalization'@en,0,,
P2031,34,work period (start)'@en,0,,
P1444,34,destination point'@en,0,,
P8138,33,located in the statistical territorial entity'@en,0,,
P61,33,discoverer or inventor'@en,0,,
P58,33,screenwriter'@en,0,,
P57,33,director'@en,0,,
P2257,33,event interval'@en,0,,
P5052,32,supervisory board member'@en,0,,
P1545,32,series ordinal'@en,0,,
P870,31,instrumentation'@en,0,,
P2253,31,DfE URN'@en,0,,
P220,31,ISO 639-3 code'@en,0,,
P8049,30,number of hospitalized cases'@en,0,,
P3254,30,property proposal discussion'@en,0,,
P263,30,official residence'@en,0,,
P8010,29,number of recoveries'@en,0,,
P6178,29,Dimensions author ID'@en,0,,
P4732,29,IUPAC Gold Book ID'@en,0,,
P289,29,vessel class'@en,0,,
P2600,29,Geni.com profile ID'@en,0,,
P996,28,document file on Wikimedia Commons'@en,0,,
P590,28,GNIS ID'@en,0,,
P443,28,pronunciation audio'@en,0,,
P393,28,edition number'@en,0,,
P2534,28,defining formula'@en,0,,
P1132,28,number of participants'@en,0,,
P674,27,characters'@en,0,,
P5749,27,Amazon Standard Identification Number'@en,0,,
P3983,27,sports league level'@en,0,,
P3383,27,film poster'@en,0,,
P3192,27,Last.fm ID'@en,0,,
P2388,27,office held by head of the organization'@en,0,,
P2051,27,M sin i'@en,0,,
P149,27,architectural style'@en,0,,
P1196,27,manner of death'@en,0,,
P859,26,sponsor'@en,0,,
P750,26,distributed by'@en,0,,
P664,26,organizer'@en,0,,
P424,26,Wikimedia language code'@en,0,,
P349,26,National Diet Library ID'@en,0,,
P2896,26,publication interval'@en,0,,
P1884,26,hair color'@en,0,,
P1833,26,number of registered users/contributors'@en,0,,
P1038,26,relative'@en,0,,
P8341,25,Dansk Biografisk Leksikon ID'@en,0,,
P5331,25,OCLC work ID'@en,0,,
P4791,25,commanded by'@en,0,,
P30,25,continent'@en,0,,
P1804,25,DNF film ID'@en,0,,
P1663,25,ProCyclingStats cyclist ID'@en,0,,
P1598,25,consecrator'@en,0,,
P1373,25,daily patronage'@en,0,,
P945,24,allegiance'@en,0,,
P931,24,place served by transport hub'@en,0,,
P85,24,anthem'@en,0,,
P505,24,general manager'@en,0,,
P4354,24,search formatter URL'@en,0,,
P3789,24,Telegram username'@en,0,,
P2142,24,box office'@en,0,,
P1855,24,Wikidata property example'@en,0,,
P1671,24,route number'@en,0,,
P144,24,based on'@en,0,,
P1344,24,participant in'@en,0,,
P1101,24,floors above ground'@en,0,,
P898,23,IPA transcription'@en,0,,
P8889,23,MTRCB rating'@en,0,,
P6262,23,Fandom article ID'@en,0,,
P485,23,archives at'@en,0,,
P4391,23,The-Sports.org athlete ID'@en,0,,
P3984,23,subreddit'@en,0,,
P360,23,is a list of'@en,0,,
P225,23,taxon name'@en,0,,
P2078,23,user manual URL'@en,0,,
P1866,23,Catholic Hierarchy diocese ID'@en,0,,
P1728,23,AllMusic artist ID'@en,0,,
P122,23,basic form of government'@en,0,,
P1103,23,number of platform tracks'@en,0,,
P1019,23,web feed URL'@en,0,,
P10,23,video'@en,0,,
P912,22,has facility'@en,0,,
P8313,22,Den Store Danske ID'@en,0,,
P725,22,voice actor'@en,0,,
P6801,22,number of hospital beds'@en,0,,
P3180,22,Visual Novel Database ID'@en,0,,
P238,22,IATA airport code'@en,0,,
P2163,22,FAST ID'@en,0,,
P1436,22,collection or exhibition size'@en,0,,
P1416,22,affiliation'@en,0,,
P1195,22,file extension'@en,0,,
P1146,22,World Athletics athlete ID'@en,0,,
P846,21,GBIF taxon ID'@en,0,,
P7902,21,Deutsche Biographie (GND) ID'@en,0,,
P724,21,Internet Archive ID'@en,0,,
P6366,21,Microsoft Academic ID'@en,0,,
P5815,21,Olympics.com athlete ID / archived OlympicChannel ID'@en,0,,
P4908,21,season'@en,0,,
P4174,21,Wikimedia username'@en,0,,
P2442,21,conversion to standard unit'@en,0,,
P2341,21,indigenous to'@en,0,,
P2121,21,prize money'@en,0,,
P2091,21,World Rowing ID (numeric format)'@en,0,,
P1163,21,media type'@en,0,,
P908,20,PEGI rating'@en,0,,
P832,20,public holiday'@en,0,,
P737,20,influenced by'@en,0,,
P575,20,time of discovery or invention'@en,0,,
P5524,20,horizontal depth'@en,0,,
P3077,20,Cineplex Germany film ID'@en,0,,
P2583,20,distance from Earth'@en,0,,
P2572,20,hashtag'@en,0,,
P1871,20,CERL Thesaurus ID'@en,0,,
P1317,20,floruit'@en,0,,
P1269,20,facet of'@en,0,,
P1006,20,Nationale Thesaurus voor Auteurs ID'@en,0,,
P650,19,RKDartists ID'@en,0,,
P6392,19,AISHE code'@en,0,,
P5794,19,Internet Game Database game ID'@en,0,,
P350,19,RKDimages ID'@en,0,,
P2699,19,URL'@en,0,,
P246,19,element symbol'@en,0,,
P2358,19,Roman praenomen'@en,0,,
P2038,19,ResearchGate profile ID'@en,0,,
P1613,19,IRC channel'@en,0,,
P1535,19,used by'@en,0,,
P1346,19,winner'@en,0,,
P1066,19,student of'@en,0,,
P7400,18,LibraryThing author ID'@en,0,,
P706,18,located in/on physical feature'@en,0,,
P613,18,OS grid reference'@en,0,,
P5715,18,Academia.edu profile URL'@en,0,,
P4971,18,UK Provider Reference Number'@en,0,,
P4559,18,IJF judoka ID'@en,0,,
P3847,18,Open Library subject ID'@en,0,,
P3828,18,wears'@en,0,,
P3808,18,The Numbers movie ID'@en,0,,
P3342,18,significant person'@en,0,,
P2962,18,title of chess person'@en,0,,
P2479,18,SPDX license ID'@en,0,,
P2386,18,diameter'@en,0,,
P235,18,InChIKey'@en,0,,
P210,18,party chief representative'@en,0,,
P103,18,native language'@en,0,,
P8500,17,Vietnamese middle name'@en,0,,
P532,17,port of registry'@en,0,,
P4701,17,Google Arts & Culture asset ID'@en,0,,
P4173,17,Instagram location ID'@en,0,,
P359,17,Rijksmonument ID'@en,0,,
P3417,17,Quora topic ID'@en,0,,
P2415,17,personal best'@en,0,,
P1394,17,Glottolog code'@en,0,,
P1191,17,date of first performance'@en,0,,
P97,16,noble title'@en,0,,
P949,16,National Library of Israel ID (old)'@en,0,,
P8498,16,road number formatter'@en,0,,
P710,16,participant'@en,0,,
P6553,16,personal pronoun'@en,0,,
P598,16,commander of (DEPRECATED)'@en,0,,
P5614,16,Aosdána ID'@en,0,,
P442,16,China administrative division code'@en,0,,
P425,16,field of this occupation'@en,0,,
P411,16,canonization status'@en,0,,
P2850,16,Apple Music artist ID (U.S. version)'@en,0,,
P2747,16,Filmiroda rating'@en,0,,
P2425,16,service ribbon image'@en,0,,
P2389,16,organization directed by the office or position'@en,0,,
P2101,16,melting point'@en,0,,
P1960,16,Google Scholar author ID'@en,0,,
P194,16,legislative body'@en,0,,
P1906,16,office held by head of state'@en,0,,
P1875,16,represented by'@en,0,,
P1464,16,category for people born here'@en,0,,
P1302,16,primary destinations'@en,0,,
P1248,16,KulturNav-ID'@en,0,,
P1198,16,unemployment rate'@en,0,,
P8966,15,URL match pattern'@en,0,,
P8898,15,road name formatter'@en,0,,
P837,15,day in year for periodic occurrence'@en,0,,
P8214,15,curriculum vitae'@en,0,,
P7937,15,form of creative work'@en,0,,
P516,15,powered by'@en,0,,
P504,15,home port'@en,0,,
P451,15,unmarried partner'@en,0,,
P382,15,CBS municipality code'@en,0,,
P3418,15,Google Play Store app ID'@en,0,,
P3171,15,Olympic.org athlete ID (archived)'@en,0,,
P2632,15,place of detention'@en,0,,
P2499,15,league level above'@en,0,,
P1793,15,format as a regular expression'@en,0,,
P1216,15,National Heritage List for England number'@en,0,,
P1092,15,total produced'@en,0,,
P1000,15,record held'@en,0,,
P8856,14,British Phonographic Industry ID'@en,0,,
P8753,14,annual average daily traffic'@en,0,,
P864,14,ACM Digital Library author ID'@en,0,,
P747,14,has edition or translation'@en,0,,
P436,14,MusicBrainz release group ID'@en,0,,
P435,14,MusicBrainz work ID'@en,0,,
P412,14,voice type'@en,0,,
P3430,14,SNAC ARK ID'@en,0,,
P2838,14,professional name (Japan)'@en,0,,
P271,14,CiNii author ID (books)'@en,0,,
P2660,14,topographic prominence'@en,0,,
P2564,14,Köppen climate classification'@en,0,,
P2317,14,call sign'@en,0,,
P2130,14,cost'@en,0,,
P2032,14,work period (end)'@en,0,,
P1889,14,different from'@en,0,,
P1814,14,name in kana'@en,0,,
P1684,14,inscription'@en,0,,
P1424,14,topic\'s main template'@en,0,,
P135,14,movement'@en,0,,
P10767,14,Twitter moment ID'@en,0,,
P9128,13,Debian Package Tracker ID'@en,0,,
P4342,13,Store norske leksikon ID'@en,0,,
P3314,13,365Chess.com player ID'@en,0,,
P231,13,CAS Registry Number'@en,0,,
P2205,13,Spotify album ID'@en,0,,
P2037,13,GitHub username'@en,0,,
P1846,13,distribution map'@en,0,,
P1399,13,convicted of'@en,0,,
P1365,13,replaces'@en,0,,
P117,13,chemical structure'@en,0,,
P991,12,successful candidate'@en,0,,
P971,12,category combines topics'@en,0,,
P948,12,page banner'@en,0,,
P8768,12,online catalog'@en,0,,
P771,12,Swiss municipality code'@en,0,,
P6364,12,official color'@en,0,,
P4666,12,CineMagia person ID'@en,0,,
P3300,12,musical conductor'@en,0,,
P2888,12,exact match'@en,0,,
P2493,12,OM institution ID'@en,0,,
P2262,12,draft'@en,0,,
P1922,12,first line'@en,0,,
P1766,12,place name sign'@en,0,,
P1659,12,related properties'@en,0,,
P1387,12,political alignment'@en,0,,
P1383,12,contains settlement'@en,0,,
P1339,12,number of injured'@en,0,,
P1278,12,Legal Entity Identifier'@en,0,,
P1258,12,Rotten Tomatoes ID'@en,0,,
P1093,12,gross tonnage'@en,0,,
P915,11,filming location'@en,0,,
P8972,11,small logo or icon'@en,0,,
P8923,11,SMB-digital ID'@en,0,,
P778,11,Church of Sweden parish code'@en,0,,
P776,11,Swedish minor urban area code'@en,0,,
P7085,11,TikTok username'@en,0,,
P511,11,honorific prefix'@en,0,,
P4985,11,TMDB person ID'@en,0,,
P487,11,Unicode character'@en,0,,
P4724,11,Maitron ID'@en,0,,
P4264,11,LinkedIn company ID'@en,0,,
P3999,11,date of official closure'@en,0,,
P3579,11,Sina Weibo user ID'@en,0,,
P2650,11,interested in'@en,0,,
P236,11,ISSN'@en,0,,
P177,11,crosses'@en,0,,
P1366,11,replaced by'@en,0,,
P1340,11,eye color'@en,0,,
P1333,11,coordinates of southernmost point'@en,0,,
P1320,11,OpenCorporates ID'@en,0,,
P1104,11,number of pages'@en,0,,
P1067,11,Thailand central administrative unit code'@en,0,,
P1046,11,discovery method'@en,0,,
P10135,11,recording date'@en,0,,
P9073,10,applicable \'stated in\' value'@en,0,,
P8619,10,BD Gest\' series ID'@en,0,,
P8368,10,number of branches'@en,0,,
P821,10,CGNDB unique ID'@en,0,,
P802,10,student'@en,0,,
P635,10,ISTAT ID'@en,0,,
P634,10,captain'@en,0,,
P6005,10,Muck Rack journalist ID'@en,0,,
P5266,10,Finnish national bibliography corporate name ID'@en,0,,
P51,10,audio'@en,0,,
P497,10,CBDB ID'@en,0,,
P494,10,ICD-10'@en,0,,
P4515,10,Prisma ID'@en,0,,
P4511,10,vertical depth'@en,0,,
P4223,10,Treccani\'s Enciclopedia Italiana ID'@en,0,,
P4104,10,Carnegie Hall agent ID'@en,0,,
P404,10,game mode'@en,0,,
P3896,10,geoshape'@en,0,,
P380,10,Mérimée ID'@en,0,,
P3729,10,next lower rank'@en,0,,
P3473,10,Ubuntu package'@en,0,,
P3222,10,NE.se ID'@en,0,,
P2812,10,MathWorld identifier'@en,0,,
P2790,10,net tonnage'@en,0,,
P2233,10,semi-major axis of an orbit'@en,0,,
P2092,10,Bildindex der Kunst und Architektur ID'@en,0,,
P1552,10,has quality'@en,0,,
P1417,10,Encyclopædia Britannica Online ID'@en,0,,
P1280,10,CONOR.SI ID'@en,0,,
P1096,10,orbital eccentricity'@en,0,,
P1015,10,NORAF ID'@en,0,,
P950,9,Biblioteca Nacional de España ID'@en,0,,
P8204,9,tabular case data'@en,0,,
P8119,9,HASC'@en,0,,
P740,9,location of formation'@en,0,,
P730,9,service retirement'@en,0,,
P6251,9,catchphrase'@en,0,,
P6023,9,ResearchGate contributions ID'@en,0,,
P5061,9,unit symbol'@en,0,,
P5025,9,gens'@en,0,,
P4862,9,Amazon author ID'@en,0,,
P4844,9,research intervention'@en,0,,
P4801,9,LoC and MARC vocabularies ID'@en,0,,
P460,9,said to be the same as'@en,0,,
P417,9,patron saint'@en,0,,
P415,9,radio format'@en,0,,
P408,9,software engine'@en,0,,
P3931,9,copyright holder'@en,0,,
P3861,9,App Store app ID'@en,0,,
P3730,9,next higher rank'@en,0,,
P3575,9,data size'@en,0,,
P3451,9,nighttime view'@en,0,,
P3442,9,Debian stable package'@en,0,,
P3157,9,event distance'@en,0,,
P3040,9,SoundCloud ID'@en,0,,
P2639,9,Filmportal ID'@en,0,,
P2506,9,INSEE canton code'@en,0,,
P2348,9,time period'@en,0,,
P2290,9,Danish parish code'@en,0,,
P2261,9,beam'@en,0,,
P2102,9,boiling point'@en,0,,
P1995,9,health specialty'@en,0,,
P1933,9,MobyGames game ID'@en,0,,
P189,9,location of discovery'@en,0,,
P1801,9,commemorative plaque image'@en,0,,
P1582,9,natural product of taxon'@en,0,,
P1423,9,template has topic'@en,0,,
P1414,9,GUI toolkit or framework'@en,0,,
P1410,9,number of seats in legislature'@en,0,,
P1335,9,coordinates of westernmost point'@en,0,,
P1334,9,coordinates of easternmost point'@en,0,,
P1059,9,CVR number'@en,0,,
P8671,8,Deutsche Bahn station code'@en,0,,
P841,8,feast day'@en,0,,
P831,8,parent club'@en,0,,
P828,8,has cause'@en,0,,
P825,8,dedicated to'@en,0,,
P8011,8,number of medical tests'@en,0,,
P797,8,authority'@en,0,,
P7105,8,LezWatch.TV actor ID'@en,0,,
P6886,8,writing language'@en,0,,
P6275,8,copyright representative'@en,0,,
P5595,8,number of platform faces'@en,0,,
P5163,8,Odnoklassniki ID'@en,0,,
P4265,8,Reddit username'@en,0,,
P3744,8,number of subscribers'@en,0,,
P3085,8,qualifies for event'@en,0,,
P2922,8,month of the year'@en,0,,
P2899,8,minimum age'@en,0,,
P2684,8,Kijkwijzer rating'@en,0,,
P2359,8,Roman nomen gentilicium'@en,0,,
P2144,8,frequency'@en,0,,
P2088,8,Crunchbase organization ID'@en,0,,
P208,8,executive body'@en,0,,
P2006,8,ZooBank author ID'@en,0,,
P1687,8,Wikidata property'@en,0,,
P141,8,IUCN conservation status'@en,0,,
P1332,8,coordinates of northernmost point'@en,0,,
P110,8,illustrator'@en,0,,
P1071,8,location of creation'@en,0,,
P1031,8,legal citation of this text'@en,0,,
P1014,8,Art & Architecture Thesaurus ID'@en,0,,
P9732,7,URL for citizen\'s initiatives'@en,0,,
P9647,7,DIP ID'@en,0,,
P957,7,ISBN-10'@en,0,,
P947,7,RSL ID (person)'@en,0,,
P930,7,type of electrification'@en,0,,
P91,7,sexual orientation'@en,0,,
P8980,7,KANTO ID'@en,0,,
P8618,7,ITF player ID 2020'@en,0,,
P8286,7,Olympedia people ID'@en,0,,
P7107,7,LezWatch.TV show ID'@en,0,,
P6868,7,Hoopla artist ID'@en,0,,
P675,7,Google Books ID'@en,0,,
P65,7,site of astronomical discovery'@en,0,,
P6277,7,Objectif Gard topic ID'@en,0,,
P612,7,mother house'@en,0,,
P610,7,highest point'@en,0,,
P5858,7,Index Herbariorum code'@en,0,,
P498,7,ISO 4217 code'@en,0,,
P4913,7,dialect of'@en,0,,
P4854,7,Uppslagsverket Finland ID'@en,0,,
P4530,7,Bangladesh administrative division code (pre-2017)'@en,0,,
P4519,7,payload mass'@en,0,,
P3974,7,nature preserve in North Rhine-Westphalia ID'@en,0,,
P3940,7,OlimpBase Chess Olympiad player ID'@en,0,,
P3721,7,public key fingerprint'@en,0,,
P3608,7,EU VAT number'@en,0,,
P3283,7,Bandcamp ID'@en,0,,
P2913,7,date depicted'@en,0,,
P2816,7,HowLongToBeat ID'@en,0,,
P2500,7,league level below'@en,0,,
P240,7,FAA airport code'@en,0,,
P2370,7,conversion to SI unit'@en,0,,
P234,7,InChI'@en,0,,
P2176,7,drug or therapy used for treatment'@en,0,,
P2014,7,Museum of Modern Art work ID'@en,0,,
P1955,7,Discogs label ID'@en,0,,
P1943,7,location map'@en,0,,
P1850,7,SSR place name number'@en,0,,
P1553,7,Yandex Music artist ID'@en,0,,
P1482,7,Stack Exchange tag'@en,0,,
P1249,7,time of earliest written record'@en,0,,
P1242,7,Theatricalia play ID'@en,0,,
P1207,7,NUKAT ID'@en,0,,
P1116,7,ELSTAT geographical code'@en,0,,
P1072,7,readable file format'@en,0,,
P1053,7,ResearcherID'@en,0,,
P9391,6,Česká divadelní encyklopedie ID'@en,0,,
P9189,6,Sauvons nos tombes cemetery ID'@en,0,,
P8592,6,aerial view'@en,0,,
P8093,6,donations'@en,0,,
P7920,6,TheTVDB person ID'@en,0,,
P746,6,date of disappearance'@en,0,,
P688,6,encodes'@en,0,,
P6839,6,TV Tropes identifier'@en,0,,
P6589,6,endowment'@en,0,,
P6521,6,Crew United person ID'@en,0,,
P6269,6,API endpoint'@en,0,,
P5995,6,kit supplier'@en,0,,
P5797,6,Twitch channel ID'@en,0,,
P5115,6,Directory of Open Access Journals ID'@en,0,,
P4638,6,The Peerage person ID'@en,0,,
P461,6,opposite of'@en,0,,
P444,6,review score'@en,0,,
P426,6,aircraft registration'@en,0,,
P4081,6,BHL creator ID'@en,0,,
P3966,6,programming paradigm'@en,0,,
P3829,6,Publons author ID'@en,0,,
P3749,6,Google Maps Customer ID'@en,0,,
P3743,6,ITU/ISO/IEC object identifier'@en,0,,
P3696,6,Sports-Reference.com college basketball player ID'@en,0,,
P344,6,director of photography'@en,0,,
P3311,6,image of design plans'@en,0,,
P3215,6,SIRET number'@en,0,,
P3151,6,iNaturalist taxon ID'@en,0,,
P2758,6,CNC film rating (France)'@en,0,,
P2716,6,collage image'@en,0,,
P2629,6,BBFC rating'@en,0,,
P2579,6,studied by'@en,0,,
P2555,6,fee'@en,0,,
P2215,6,proper motion'@en,0,,
P2054,6,density'@en,0,,
P2052,6,speed'@en,0,,
P1973,6,RSL editions'@en,0,,
P1950,6,second family name in Spanish name'@en,0,,
P1891,6,signatory'@en,0,,
P184,6,doctoral advisor'@en,0,,
P181,6,taxon range map image'@en,0,,
P1729,6,AllMusic album ID'@en,0,,
P1652,6,referee'@en,0,,
P163,6,flag'@en,0,,
P1616,6,SIREN number'@en,0,,
P1546,6,motto'@en,0,,
P1315,6,NLA Trove people ID'@en,0,,
P1301,6,number of elevators'@en,0,,
P1296,6,Gran Enciclopèdia Catalana ID'@en,0,,
P1282,6,OpenStreetMap tag or key'@en,0,,
P1138,6,Kunstindeks Danmark Artist ID'@en,0,,
P1110,6,attendance'@en,0,,
P1036,6,Dewey Decimal Classification'@en,0,,
P1017,6,Vatican Library ID (former scheme)'@en,0,,
P963,5,streaming media URL'@en,0,,
P9086,5,BAMID film rating'@en,0,,
P906,5,SELIBR ID'@en,0,,
P8934,5,mailing list archive'@en,0,,
P885,5,origin of the watercourse'@en,0,,
P827,5,BBC programme ID'@en,0,,
P78,5,top-level Internet domain'@en,0,,
P775,5,Swedish urban area code'@en,0,,
P765,5,surface played on'@en,0,,
P7429,5,Bundle ID'@en,0,,
P739,5,ammunition'@en,0,,
P6931,5,Repology project name'@en,0,,
P6639,5,capacity factor'@en,0,,
P655,5,translator'@en,0,,
P651,5,Biografisch Portaal van Nederland ID'@en,0,,
P636,5,route of administration'@en,0,,
P6125,5,number of volunteers'@en,0,,
P6112,5,category for members of a team'@en,0,,
P5991,5,carbon footprint'@en,0,,
P587,5,MMSI'@en,0,,
P5816,5,state of conservation'@en,0,,
P5340,5,American Film Institute person ID'@en,0,,
P529,5,runway'@en,0,,
P525,5,Swedish municipality code'@en,0,,
P5167,5,vehicles per thousand people'@en,0,,
P508,5,BNCF Thesaurus ID'@en,0,,
P5072,5,presented in'@en,0,,
P5034,5,National Library of Korea ID'@en,0,,
P479,5,input method'@en,0,,
P4743,5,animal breed'@en,0,,
P4647,5,location of first performance'@en,0,,
P4428,5,implementation of'@en,0,,
P4253,5,number of constituencies'@en,0,,
P4183,5,angle from vertical'@en,0,,
P4156,5,Czech Registration ID'@en,0,,
P409,5,Libraries Australia ID'@en,0,,
P4033,5,Mastodon address'@en,0,,
P3988,5,National Library Board Singapore ID'@en,0,,
P3912,5,newspaper format'@en,0,,
P3845,5,TV Guide person ID (former scheme)'@en,0,,
P3836,5,Pinterest username'@en,0,,
P3823,5,Ethnologue language status'@en,0,,
P3500,5,Ringgold ID'@en,0,,
P3499,5,Gentoo package'@en,0,,
P3454,5,Arch Linux package'@en,0,,
P3414,5,Yle Areena item ID'@en,0,,
P3303,5,third-party formatter URL'@en,0,,
P3301,5,broadcast by'@en,0,,
P3265,5,Myspace ID'@en,0,,
P3195,5,league points system'@en,0,,
P3132,5,last line'@en,0,,
P3033,5,package management system'@en,0,,
P3000,5,marriageable age'@en,0,,
P2927,5,water as percent of area'@en,0,,
P287,5,designed by'@en,0,,
P2722,5,Deezer artist ID'@en,0,,
P2638,5,TV.com ID'@en,0,,
P2635,5,number of parts of this work'@en,0,,
P2610,5,thickness'@en,0,,
P2427,5,GRID ID'@en,0,,
P2354,5,has list'@en,0,,
P2326,5,GNS Unique Feature ID'@en,0,,
P223,5,galaxy morphological type'@en,0,,
P2216,5,radial velocity'@en,0,,
P2097,5,term length of office'@en,0,,
P1899,5,LibriVox author ID'@en,0,,
P185,5,doctoral student'@en,0,,
P1816,5,National Portrait Gallery (London) person ID'@en,0,,
P1733,5,Steam application ID'@en,0,,
P1712,5,Metacritic ID'@en,0,,
P1670,5,Canadiana Authorities ID (former scheme)'@en,0,,
P1636,5,date of baptism in early childhood'@en,0,,
P1635,5,religious name'@en,0,,
P1592,5,prosecutor'@en,0,,
P1427,5,start point'@en,0,,
P1411,5,nominated for'@en,0,,
P1408,5,licensed to broadcast to'@en,0,,
P1382,5,partially coincident with'@en,0,,
P1367,5,Art UK artist ID'@en,0,,
P1341,5,Italian Chamber of Deputies dati ID'@en,0,,
P1144,5,Library of Congress Control Number (LCCN) (bibliographic)'@en,0,,
P1073,5,writable file format'@en,0,,
P10205,5,Numista ID'@en,0,,
P1005,5,Portuguese National Library ID'@en,0,,
P9950,4,RICS company code'@en,0,,
P966,4,MusicBrainz label ID'@en,0,,
P941,4,inspired by'@en,0,,
P8990,4,World Rowing ID (UUID format)'@en,0,,
P8960,4,Kunsthistorisches Museum Wien ID'@en,0,,
P8948,4,Pinakothek artwork ID'@en,0,,
P8604,4,OnlyFans ID'@en,0,,
P8360,4,Library of Congress Classification (works and editions)'@en,0,,
P8179,4,Canadiana Name Authority ID'@en,0,,
P8130,4,Internetowy Polski Słownik Biograficzny ID'@en,0,,
P7427,4,FreeBSD port'@en,0,,
P7256,4,computer performance'@en,0,,
P6949,4,announcement date'@en,0,,
P6942,4,animator'@en,0,,
P685,4,NCBI taxonomy ID'@en,0,,
P6794,4,minimum wage'@en,0,,
P6724,4,Trainline ID'@en,0,,
P662,4,PubChem CID'@en,0,,
P66,4,ancestral home'@en,0,,
P6427,4,trading name'@en,0,,
P6343,4,urban population'@en,0,,
P6081,4,RIA Novosti reference'@en,0,,
P608,4,exhibition history'@en,0,,
P606,4,first flight'@en,0,,
P5951,4,ComiXology creator ID'@en,0,,
P5523,4,fanqie'@en,0,,
P5404,4,Rate Your Music artist ID'@en,0,,
P5140,4,coordinates of geographic center'@en,0,,
P5019,4,Brockhaus Enzyklopädie online ID'@en,0,,
P4602,4,date of burial or cremation'@en,0,,
P457,4,foundational text'@en,0,,
P4527,4,UK Parliament thesaurus ID'@en,0,,
P4389,4,Science Museum people ID'@en,0,,
P3973,4,PIM authority ID'@en,0,,
P3970,4,channel number'@en,0,,
P3943,4,Tumblr username'@en,0,,
P3393,4,LittleSis organization ID'@en,0,,
P3365,4,Treccani ID'@en,0,,
P3335,4,associated hazard'@en,0,,
P3267,4,Flickr user ID'@en,0,,
P3257,4,Queensland place ID'@en,0,,
P3090,4,flight number'@en,0,,
P3086,4,speed limit'@en,0,,
P3074,4,Grace\'s Guide ID'@en,0,,
P2992,4,software quality assurance'@en,0,,
P2969,4,Goodreads version/edition ID'@en,0,,
P2924,4,Great Russian Encyclopedia Online ID'@en,0,,
P2889,4,FamilySearch person ID'@en,0,,
P2852,4,emergency phone number'@en,0,,
P2795,4,directions'@en,0,,
P2732,4,Persée author ID'@en,0,,
P2669,4,discontinued date'@en,0,,
P2588,4,administrative code of Indonesia'@en,0,,
P2562,4,married name'@en,0,,
P2438,4,narrator'@en,0,,
P2408,4,set in period'@en,0,,
P2369,4,Soccerway player ID'@en,0,,
P2363,4,NMHH film rating'@en,0,,
P2302,4,property constraint'@en,0,,
P2214,4,parallax'@en,0,,
P2190,4,C-SPAN person ID'@en,0,,
P209,4,highest judicial authority'@en,0,,
P2073,4,vehicle range'@en,0,,
P2061,4,aspect ratio (W:H)'@en,0,,
P2019,4,AllMovie person ID'@en,0,,
P201,4,lake outflow'@en,0,,
P1968,4,Foursquare venue ID'@en,0,,
P1963,4,properties for this type'@en,0,,
P1890,4,CCAB ID'@en,0,,
P1874,4,Netflix ID'@en,0,,
P1828,4,IPI name number'@en,0,,
P1716,4,brand'@en,0,,
P1640,4,curator'@en,0,,
P1409,4,Cycling Archives cyclist ID'@en,0,,
P1381,4,bridgehunter.com ID'@en,0,,
P1336,4,territory claimed by'@en,0,,
P1268,4,represents'@en,0,,
P1261,4,Scandinavian Runic-text Database'@en,0,,
P1233,4,Internet Speculative Fiction Database author ID'@en,0,,
P1213,4,NLC authorities'@en,0,,
P1209,4,CN'@en,0,,
P1121,4,oxidation state'@en,0,,
P1086,4,atomic number'@en,0,,
P1085,4,LibraryThing work ID'@en,0,,
P9968,3,RAWG game ID'@en,0,,
P984,3,IOC country code'@en,0,,
P9650,3,Internet Game Database company ID'@en,0,,
P946,3,ISIN'@en,0,,
P9279,3,Egapro gender equality index'@en,0,,
P8863,3,Qobuz label ID'@en,0,,
P850,3,WoRMS-ID for taxa'@en,0,,
P8480,3,Ofsted inspection rating'@en,0,,
P8326,3,Australian Classification ID'@en,0,,
P8189,3,National Library of Israel J9U ID'@en,0,,
P7975,3,Filmfront film ID'@en,0,,
P791,3,ISIL'@en,0,,
P7807,3,ICD-11 (foundation)'@en,0,,
P7782,3,category for ship name'@en,0,,
P7775,3,RationalWiki ID'@en,0,,
P7763,3,copyright status as a creator'@en,0,,
P767,3,contributor to the creative work or subject'@en,0,,
P762,3,Czech cultural heritage ID'@en,0,,
P757,3,World Heritage Site ID'@en,0,,
P7498,3,Women Film Pioneers ID'@en,0,,
P748,3,appointed by'@en,0,,
P7420,3,image with frame'@en,0,,
P7250,3,mobile formatter URL'@en,0,,
P7215,3,Eiga.com person ID'@en,0,,
P718,3,Canmore ID'@en,0,,
P7120,3,Douyin ID'@en,0,,
P6872,3,has written for'@en,0,,
P6840,3,student organization of'@en,0,,
P6802,3,related image'@en,0,,
P6783,3,speedrun.com game ID'@en,0,,
P6766,3,Who\'s on First ID'@en,0,,
P6594,3,Guggenheim fellows ID'@en,0,,
P6591,3,maximum temperature record'@en,0,,
P6479,3,IEEE Xplore author ID'@en,0,,
P6437,3,day of regular release'@en,0,,
P629,3,edition or translation of'@en,0,,
P5587,3,Libris-URI'@en,0,,
P549,3,Mathematics Genealogy Project ID'@en,0,,
P5357,3,The Encyclopedia of Science Fiction ID'@en,0,,
P5305,3,SPARQL endpoint'@en,0,,
P5247,3,Giant Bomb ID'@en,0,,
P520,3,armament'@en,0,,
P5048,3,Church of Sweden ID'@en,0,,
P4934,3,calculated from'@en,0,,
P486,3,MeSH descriptor ID'@en,0,,
P4794,3,season starts'@en,0,,
P4576,3,Tidal artist ID'@en,0,,
P4490,3,British Olympic Association athlete ID'@en,0,,
P4276,3,Cinémathèque québécoise work identifier'@en,0,,
P4238,3,webcam page URL'@en,0,,
P4162,3,AUR package'@en,0,,
P4103,3,assets under management'@en,0,,
P3987,3,SHARE Catalogue author ID'@en,0,,
P3935,3,Chamber of Deputies of Italy storia ID'@en,0,,
P3933,3,Cinema.de ID'@en,0,,
P3864,3,suicide rate'@en,0,,
P3842,3,located in present-day administrative territorial entity'@en,0,,
P375,3,space launch vehicle'@en,0,,
P3712,3,objective of project or action'@en,0,,
P356,3,DOI'@en,0,,
P3538,3,Fussballdaten.de player ID'@en,0,,
P3502,3,Ameblo username'@en,0,,
P347,3,Joconde work ID'@en,0,,
P3347,3,PermID'@en,0,,
P3225,3,Corporate Number (Japan)'@en,0,,
P3202,3,UAI code'@en,0,,
P3156,3,Australian Classification'@en,0,,
P3095,3,practiced by'@en,0,,
P3025,3,open days'@en,0,,
P2997,3,age of majority'@en,0,,
P297,3,ISO 3166-1 alpha-2 code'@en,0,,
P2966,3,National Library of Wales Authority ID'@en,0,,
P2949,3,WikiTree person ID'@en,0,,
P2930,3,INSPIRE-HEP author ID'@en,0,,
P2868,3,subject has role'@en,0,,
P2860,3,cites work'@en,0,,
P2793,3,clearance'@en,0,,
P2791,3,power consumed'@en,0,,
P2787,3,longest span'@en,0,,
P2611,3,TED speaker ID'@en,0,,
P2604,3,Kinopoisk person ID'@en,0,,
P2598,3,serial number'@en,0,,
P2578,3,studies'@en,0,,
P2547,3,perimeter'@en,0,,
P2533,3,WomenWriters ID'@en,0,,
P2416,3,sports discipline competed in'@en,0,,
P2335,3,Swedish Film Database company ID'@en,0,,
P2321,3,general classification of race participants'@en,0,,
P230,3,ICAO airline designator'@en,0,,
P2234,3,volume as quantity'@en,0,,
P2184,3,history of topic'@en,0,,
P218,3,ISO 639-1 code'@en,0,,
P2168,3,Swedish Film Database person ID'@en,0,,
P2133,3,total debt'@en,0,,
P2093,3,author name string'@en,0,,
P2053,3,watershed area'@en,0,,
P2034,3,Project Gutenberg ebook ID'@en,0,,
P2017,3,isomeric SMILES'@en,0,,
P200,3,inflows'@en,0,,
P1993,3,TeX string'@en,0,,
P1981,3,FSK film rating'@en,0,,
P1885,3,cathedral'@en,0,,
P1873,3,maximum number of players'@en,0,,
P1844,3,HathiTrust ID'@en,0,,
P1622,3,driving side'@en,0,,
P1595,3,charge'@en,0,,
P1590,3,number of casualties'@en,0,,
P1556,3,zbMATH author ID'@en,0,,
P1542,3,has effect'@en,0,,
P1446,3,number of missing'@en,0,,
P1420,3,taxon synonym'@en,0,,
P1239,3,ISFDB publisher ID'@en,0,,
P113,3,airline hub'@en,0,,
P1050,3,medical condition'@en,0,,
P10467,3,naturkartan.se ID'@en,0,,
P1040,3,film editor'@en,0,,
P1035,3,honorific suffix'@en,0,,
P10280,3,category for honorary citizens of entity'@en,0,,
P990,2,audio recording of the subject\'s spoken voice'@en,0,,
P988,2,Philippine Standard Geographic Code'@en,0,,
P981,2,BAG residence ID'@en,0,,
P9743,2,Podchaser creator ID'@en,0,,
P974,2,tributary'@en,0,,
P9601,2,official map URL'@en,0,,
P9493,2,artist files at'@en,0,,
P9430,2,Encyclopedia of Jewish Women ID'@en,0,,
P935,2,Commons gallery'@en,0,,
P9214,2,FAQ URL'@en,0,,
P913,2,notation'@en,0,,
P9107,2,number of vaccinations'@en,0,,
P8988,2,Mapy.cz ID'@en,0,,
P8971,2,Cinémathèque québécoise person ID'@en,0,,
P8905,2,Museo del Prado artwork ID'@en,0,,
P8855,2,IEV number'@en,0,,
P8847,2,Kinorium movie ID'@en,0,,
P8839,2,hairstyle'@en,0,,
P882,2,FIPS 6-4'@en,0,,
P88,2,commissioned by'@en,0,,
P8727,2,Minecraft UUID'@en,0,,
P8657,2,photoLondon ID'@en,0,,
P854,2,reference URL'@en,0,,
P8383,2,Goodreads work ID'@en,0,,
P835,2,author citation (zoology)'@en,0,,
P8335,2,Uffizi artwork ID'@en,0,,
P826,2,tonality'@en,0,,
P8225,2,is metaclass for'@en,0,,
P822,2,mascot'@en,0,,
P815,2,ITIS TSN'@en,0,,
P814,2,IUCN protected areas category'@en,0,,
P8033,2,Movie Review Query Engine ID'@en,0,,
P7959,2,historic county'@en,0,,
P7936,2,business model'@en,0,,
P7874,2,EFIS person ID'@en,0,,
P7863,2,aperture'@en,0,,
P780,2,symptoms and signs'@en,0,,
P772,2,INE municipality code'@en,0,,
P7677,2,gesetze-im-internet.de ID'@en,0,,
P7419,2,gender educated'@en,0,,
P7363,2,ISSN-L'@en,0,,
P736,2,cover art by'@en,0,,
P7293,2,PLWABN ID'@en,0,,
P7189,2,Mora Artist ID'@en,0,,
P7135,2,Rijksmonument complex ID'@en,0,,
P6897,2,literacy rate'@en,0,,
P6879,2,effective temperature'@en,0,,
P6844,2,abART person ID'@en,0,,
P6827,2,Igromania ID'@en,0,,
P6817,2,SVT Play ID'@en,0,,
P6795,2,Unified Social Credit Identifier'@en,0,,
P6758,2,supported sports team'@en,0,,
P673,2,eMedicine ID'@en,0,,
P6721,2,K10plus PPN ID'@en,0,,
P665,2,KEGG ID'@en,0,,
P6619,2,XING company ID'@en,0,,
P661,2,ChemSpider ID'@en,0,,
P6500,2,non-free artwork image URL'@en,0,,
P6394,2,ELNET ID'@en,0,,
P6344,2,rural population'@en,0,,
P6276,2,Amazon Music artist ID'@en,0,,
P6249,2,narrative age'@en,0,,
P6218,2,Genius song ID'@en,0,,
P619,2,UTC date of spacecraft launch'@en,0,,
P6119,2,Letterboxd actor ID'@en,0,,
P611,2,religious order'@en,0,,
P6039,2,Australian Faunal Directory ID'@en,0,,
P5968,2,CPPAP ID'@en,0,,
P595,2,Guide to Pharmacology Ligand ID'@en,0,,
P5917,2,Shazam artist ID'@en,0,,
P586,2,IPNI author ID'@en,0,,
P5783,2,Cranach Digital Archive artwork ID'@en,0,,
P5648,2,AniDB character ID'@en,0,,
P5630,2,prisoner count'@en,0,,
P5582,2,number of arrests'@en,0,,
P552,2,handedness'@en,0,,
P547,2,commemorates'@en,0,,
P5436,2,number of viewers'@en,0,,
P5337,2,Google News topics ID'@en,0,,
P5327,2,fernsehserien.de ID'@en,0,,
P5246,2,Pornhub star ID'@en,0,,
P5202,2,adapted by'@en,0,,
P5143,2,amateur radio callsign'@en,0,,
P5082,2,Store medisinske leksikon ID'@en,0,,
P5067,2,non-operating temperature'@en,0,,
P5066,2,operating temperature'@en,0,,
P5027,2,number of representations'@en,0,,
P501,2,enclave within'@en,0,,
P5008,2,on focus list of Wikimedia project'@en,0,,
P500,2,exclave of'@en,0,,
P4927,2,Invaluable.com person ID'@en,0,,
P4894,2,ACE Repertory work ID'@en,0,,
P4884,2,court'@en,0,,
P4782,2,Movieplayer person ID'@en,0,,
P4779,2,MYmovies actor ID (former scheme)'@en,0,,
P4773,2,MobyGames company ID'@en,0,,
P474,2,country calling code'@en,0,,
P470,2,Eight Banner register'@en,0,,
P4675,2,appears in the form of'@en,0,,
P4657,2,The Numbers person ID'@en,0,,
P4629,2,Online Books Page author ID'@en,0,,
P4614,2,drainage basin'@en,0,,
P4552,2,mountain range'@en,0,,
P4491,2,Isidore scholar ID'@en,0,,
P4438,2,"BFI Films, TV and people ID'@en",0,,
P4369,2,Cairn author ID'@en,0,,
P432,2,callsign of airline'@en,0,,
P4291,2,panoramic view'@en,0,,
P429,2,dantai code'@en,0,,
P428,2,botanist author abbreviation'@en,0,,
P4239,2,vocalized name'@en,0,,
P4219,2,Tyrolean Art Cadastre inventory ID'@en,0,,
P4195,2,category for employees of the organization'@en,0,,
P4191,2,Alljudo judoka ID'@en,0,,
P4073,2,Fandom wiki ID'@en,0,,
P4051,2,Legislation of Ukraine ID'@en,0,,
P4015,2,Vimeo identifier'@en,0,,
P3994,2,racon signal'@en,0,,
P397,2,parent astronomical body'@en,0,,
P3963,2,Clochers de France ID'@en,0,,
P3918,2,Répertoire national des associations identifier'@en,0,,
P3868,2,MyDramaList title ID'@en,0,,
P3858,2,route diagram'@en,0,,
P381,2,PCP reference number'@en,0,,
P3782,2,Artnet artist ID'@en,0,,
P3761,2,IPv4 routing prefix'@en,0,,
P3667,2,IWF athlete ID'@en,0,,
P3602,2,candidacy in election'@en,0,,
P3457,2,case fatality rate'@en,0,,
P3435,2,VGMdb artist ID'@en,0,,
P3402,2,CNC film rating (Romania)'@en,0,,
P3341,2,Kvikmyndir person ID'@en,0,,
P3272,2,Zeri image ID'@en,0,,
P3075,2,official religion'@en,0,,
P3065,2,RERO ID'@en,0,,
P3016,2,French national research structure identifier'@en,0,,
P299,2,ISO 3166-1 numeric code'@en,0,,
P298,2,ISO 3166-1 alpha-3 code'@en,0,,
P2964,2,right to vote'@en,0,,
P2951,2,Cultural heritage database in Austria ObjektID'@en,0,,
P2900,2,fax number'@en,0,,
P2884,2,mains voltage'@en,0,,
P2859,2,X-SAMPA code'@en,0,,
P2858,2,Killer List of Videogames ID'@en,0,,
P2847,2,Google+ ID'@en,0,,
P2828,2,corporate officer'@en,0,,
P2799,2,BVMC person ID'@en,0,,
P274,2,chemical formula'@en,0,,
P2661,2,target interest rate'@en,0,,
P2627,2,ISO 9362 SWIFT/BIC code'@en,0,,
P2603,2,Kinopoisk film ID'@en,0,,
P2586,2,INSEE department code'@en,0,,
P2566,2,ECHA Substance Infocard ID'@en,0,,
P2559,2,Wikidata usage instructions'@en,0,,
P2537,2,Free Software Directory entry'@en,0,,
P2529,2,ČSFD film ID'@en,0,,
P2518,2,Scope.dk film ID'@en,0,,
P2510,2,National Discography of Italian Song artist/group ID'@en,0,,
P249,2,ticker symbol'@en,0,,
P2446,2,Transfermarkt player ID'@en,0,,
P2435,2,PORT person ID'@en,0,,
P2417,2,stage classification'@en,0,,
P2378,2,issued by'@en,0,,
P2365,2,Roman cognomen'@en,0,,
P2351,2,number of graves'@en,0,,
P2324,2,quantity buried'@en,0,,
P232,2,EC number'@en,0,,
P2298,2,NSDAP membership number (1925–1945)'@en,0,,
P2281,2,Apple Music album ID (U.S. version)'@en,0,,
P2276,2,UEFA player ID'@en,0,,
P2268,2,Musée d\'Orsay artist ID'@en,0,,
P2264,2,Mix\'n\'match catalog ID'@en,0,,
P2254,2,maximum operating altitude'@en,0,,
P2248,2,argument of periapsis'@en,0,,
P2244,2,periapsis'@en,0,,
P2243,2,apoapsis'@en,0,,
P2228,2,maximum thrust'@en,0,,
P2227,2,metallicity'@en,0,,
P2219,2,real GDP growth rate'@en,0,,
P2201,2,electric dipole moment'@en,0,,
P215,2,spectral class'@en,0,,
P2025,2,Find A Grave cemetery ID'@en,0,,
P2020,2,WorldFootball.net player ID'@en,0,,
P2012,2,cuisine'@en,0,,
P2007,2,ZooBank publication ID'@en,0,,
P1990,2,species kept'@en,0,,
P1957,2,Wikisource index page URL'@en,0,,
P1954,2,Discogs master ID'@en,0,,
P1944,2,relief location map'@en,0,,
P1938,2,Project Gutenberg author ID'@en,0,,
P1937,2,UN/LOCODE'@en,0,,
P1921,2,formatter URI for RDF resource'@en,0,,
P1881,2,list of characters'@en,0,,
P1879,2,income classification (Philippines)'@en,0,,
P1868,2,ballots cast'@en,0,,
P1787,2,art-name'@en,0,,
P1709,2,equivalent class'@en,0,,
P1697,2,total valid votes'@en,0,,
P167,2,structure replaced by'@en,0,,
P1627,2,Ethnologue.com language code'@en,0,,
P1607,2,Dialnet author ID'@en,0,,
P1589,2,lowest point'@en,0,,
P1576,2,lifestyle'@en,0,,
P157,2,killed by'@en,0,,
P1465,2,category for people who died here'@en,0,,
P1406,2,script directionality'@en,0,,
P1398,2,structure replaces'@en,0,,
P1327,2,partner in business or sport'@en,0,,
P1304,2,central bank'@en,0,,
P1299,2,depicted by'@en,0,,
P129,2,physically interacts with'@en,0,,
P1274,2,ISFDB title ID'@en,0,,
P1266,2,AlloCiné person ID'@en,0,,
P1232,2,Linguist List code'@en,0,,
P1193,2,prevalence'@en,0,,
P1165,2,home world'@en,0,,
P1141,2,number of processor cores'@en,0,,
P1125,2,Gini coefficient'@en,0,,
P1117,2,pKa'@en,0,,
P1090,2,redshift'@en,0,,
P1087,2,Elo rating'@en,0,,
P1080,2,from narrative universe'@en,0,,
P10757,2,Personality Database profile ID'@en,0,,
P1074,2,fictional analog of'@en,0,,
P1042,2,ZDB ID'@en,0,,
P1029,2,crew member(s)'@en,0,,
P1026,2,academic thesis'@en,0,,
P10227,2,National Library of Ireland ID'@en,0,,
P9995,1,MYmovies person ID'@en,0,,
P9984,1,CANTIC ID'@en,0,,
P9982,1,IGI Global Dictionary ID'@en,0,,
P9966,1,United Nations Treaty Collection object ID'@en,0,,
P9946,1,date of probate'@en,0,,
P9924,1,number of evacuated'@en,0,,
P9881,1,Every Noise at Once ID'@en,0,,
P9866,1,GRAC rating'@en,0,,
P9853,1,Australian Medical Pioneers Index ID'@en,0,,
P9832,1,Igromania developer/publisher ID'@en,0,,
P9807,1,SNK ID'@en,0,,
P9777,1,Rock Paper Shotgun game ID'@en,0,,
P9759,1,bridge number'@en,0,,
P9745,1,translation of'@en,0,,
P9702,1,Gameblog.fr game ID'@en,0,,
P9665,1,EGID'@en,0,,
P960,1,Tropicos ID'@en,0,,
P9589,1,Muziekencyclopedie ID'@en,0,,
P9586,1,Apple TV movie ID'@en,0,,
P958,1,"section, verse, paragraph, or clause'@en",0,,
P954,1,IBNR ID'@en,0,,
P9477,1,Trap Danmark ID'@en,0,,
P9439,1,National Inventory of Dams ID'@en,0,,
P943,1,programmer'@en,0,,
P942,1,theme music'@en,0,,
P9394,1,Louvre Museum ARK ID'@en,0,,
P939,1,KSH code'@en,0,,
P9318,1,Ávvir topic ID'@en,0,,
P927,1,anatomical location'@en,0,,
P924,1,possible treatment'@en,0,,
P9223,1,Provenio UUID'@en,0,,
P9213,1,Swedish Literature Bank place ID'@en,0,,
P9160,1,Biographical Dictionary of the Czech Lands ID'@en,0,,
P9154,1,Heritage Information System ID in the database of cultural heritage in Austria'@en,0,,
P9138,1,service status information URL'@en,0,,
P911,1,South African municipality code'@en,0,,
P9100,1,GitHub topic'@en,0,,
P9081,1,SEARCH on line catalogue ID'@en,0,,
P9071,1,character type'@en,0,,
P9062,1,BABEL author ID'@en,0,,
P9060,1,POSIX locale identifier'@en,0,,
P9037,1,BHCL UUID'@en,0,,
P902,1,HDS ID'@en,0,,
P8987,1,ISDS ID'@en,0,,
P8976,1,Lichess username'@en,0,,
P8939,1,Google Play developer slug'@en,0,,
P8919,1,Gab username'@en,0,,
P8903,1,HAL journal ID'@en,0,,
P8902,1,Archives at Yale names ID'@en,0,,
P8852,1,facial hair'@en,0,,
P884,1,State Water Register Code (Russia)'@en,0,,
P881,1,type of variable star'@en,0,,
P880,1,CPU'@en,0,,
P8775,1,Soccerway stadium ID'@en,0,,
P8772,1,Blogger user profile ID'@en,0,,
P8750,1,Unione Romana Biblioteche Scientifiche ID'@en,0,,
P87,1,librettist'@en,0,,
P8698,1,Turkey\'s Culture Portal ID'@en,0,,
P866,1,Perlentaucher ID'@en,0,,
P8628,1,engine displacement'@en,0,,
P8626,1,opening time'@en,0,,
P8607,1,The Cutting Room Floor ID'@en,0,,
P8605,1,Linked Open Data Cloud identifier'@en,0,,
P852,1,ESRB rating'@en,0,,
P8448,1,Benerail station ID'@en,0,,
P842,1,Fossilworks ID for this taxon'@en,0,,
P8411,1,set in environment'@en,0,,
P8340,1,estimated value'@en,0,,
P834,1,train depot'@en,0,,
P8317,1,Philadelphia Museum of Art entity ID'@en,0,,
P830,1,Encyclopedia of Life ID'@en,0,,
P8289,1,parish church'@en,0,,
P8262,1,npm package'@en,0,,
P823,1,speaker'@en,0,,
P8224,1,molecular model or crystal lattice model'@en,0,,
P8205,1,Mozilla Developer Network article'@en,0,,
P8196,1,voting system'@en,0,,
P819,1,ADS bibcode'@en,0,,
P8175,1,Infames Romani ID'@en,0,,
P8167,1,WhatDoTheyKnow organisation ID'@en,0,,
P816,1,decays to'@en,0,,
P8125,1,Fandango person ID'@en,0,,
P812,1,academic major'@en,0,,
P8081,1,WBIS ID'@en,0,,
P8063,1,BookBrainz publisher ID'@en,0,,
P8055,1,Amazon.com Prime Video ID'@en,0,,
P8031,1,perpetrator'@en,0,,
P8028,1,GameRevolution game ID'@en,0,,
P8009,1,IM channel'@en,0,,
P8002,1,Social Security Death Index entry'@en,0,,
P7997,1,GRY-Online company ID'@en,0,,
P7993,1,Treccani\'s Dizionario di Filosofia ID'@en,0,,
P7967,1,OpenBSD port'@en,0,,
P7966,1,NetBSD package'@en,0,,
P792,1,chapter'@en,0,,
P790,1,approved by'@en,0,,
P7886,1,Media Arts Database ID'@en,0,,
P788,1,mushroom ecological type'@en,0,,
P787,1,spore print color'@en,0,,
P784,1,mushroom cap shape'@en,0,,
P7809,1,LaunchBox Games Database platform ID'@en,0,,
P7703,1,Spanish Quora topic ID'@en,0,,
P7699,1,National Library of Lithuania ID'@en,0,,
P7650,1,WeChat ID'@en,0,,
P7630,1,Dictionary of Scottish Architects building ID'@en,0,,
P7626,1,NVE powerplant ID'@en,0,,
P7624,1,YVNG ID'@en,0,,
P761,1,Lake ID (Sweden)'@en,0,,
P7595,1,Disney+ movie ID'@en,0,,
P7591,1,VideoGameGeek game ID'@en,0,,
P7588,1,effective date'@en,0,,
P7584,1,age estimated by a dating method'@en,0,,
P758,1,Kulturminne ID'@en,0,,
P7564,1,OGDB game title ID'@en,0,,
P7545,1,askArt person ID'@en,0,,
P7533,1,AaRC person ID'@en,0,,
P7471,1,iNaturalist place ID'@en,0,,
P7452,1,reason for preferred rank'@en,0,,
P7418,1,image of frontside'@en,0,,
P741,1,playing hand'@en,0,,
P7397,1,247Sports ID'@en,0,,
P7374,1,educational stage'@en,0,,
P7365,1,China Martyrs ID'@en,0,,
P7352,1,GENUKI ID'@en,0,,
P7325,1,DANE code'@en,0,,
P7320,1,Labelcode'@en,0,,
P7317,1,iHeart artist ID'@en,0,,
P7294,1,itch.io URL'@en,0,,
P7287,1,WorldFootball.net team ID'@en,0,,
P7262,1,ESPN.com college football player ID'@en,0,,
P7260,1,Transporter Classification Database ID'@en,0,,
P7238,1,Open Science Framework ID'@en,0,,
P7213,1,newspaper archive URL'@en,0,,
P7204,1,Mafab.hu film ID'@en,0,,
P7195,1,Bandsintown artist ID'@en,0,,
P7169,1,substitute director/manager'@en,0,,
P716,1,JPL Small-Body Database SPK-ID'@en,0,,
P7109,1,Acharts.co artist ID'@en,0,,
P7095,1,end grade'@en,0,,
P7080,1,specific absorption rate'@en,0,,
P7056,1,Jaxsta recording ID'@en,0,,
P7047,1,enemy of'@en,0,,
P703,1,found in taxon'@en,0,,
P7029,1,National Library of Russia ID'@en,0,,
P7015,1,surface gravity'@en,0,,
P7005,1,Adventure Gamers video game ID'@en,0,,
P7002,1,Handball123 player ID'@en,0,,
P6981,1,ACNP journal ID'@en,0,,
P6978,1,Scandinavian middle family name'@en,0,,
P6914,1,Gaana.com artist ID'@en,0,,
P6908,1,Cameo ID'@en,0,,
P6902,1,era name'@en,0,,
P689,1,afflicts'@en,0,,
P6856,1,average speed'@en,0,,
P6821,1,Uppsala University Alvin ID'@en,0,,
P6813,1,Mediapart tag ID'@en,0,,
P6812,1,AntWiki article ID'@en,0,,
P681,1,cell component'@en,0,,
P6782,1,ROR ID'@en,0,,
P6773,1,HAL structure ID'@en,0,,
P6765,1,Guix Variable Name'@en,0,,
P6760,1,Know Your Meme ID'@en,0,,
P6706,1,De Agostini ID'@en,0,,
P6698,1,Japan Search name ID'@en,0,,
P6683,1,Alexander Turnbull Library ID'@en,0,,
P6671,1,French public service directory ID'@en,0,,
P6633,1,Cini Foundation ID'@en,0,,
P6621,1,Le Figaro tag ID'@en,0,,
P658,1,tracklist'@en,0,,
P6578,1,MutualArt artist ID'@en,0,,
P6573,1,Klexikon article ID'@en,0,,
P652,1,UNII'@en,0,,
P6517,1,WhoSampled artist ID'@en,0,,
P6509,1,total goals in career'@en,0,,
P6486,1,Pacific Coast Architecture Database building ID'@en,0,,
P6472,1,GameFAQs franchise ID'@en,0,,
P6455,1,Bilibili user ID'@en,0,,
P6379,1,has works in the collection'@en,0,,
P6352,1,OLAC video game genre vocabulary ID'@en,0,,
P6346,1,statutory purpose'@en,0,,
P6338,1,colorist'@en,0,,
P631,1,structural engineer'@en,0,,
P6300,1,Hymnary author ID'@en,0,,
P6291,1,advertises'@en,0,,
P6284,1,NCpedia ID'@en,0,,
P628,1,E number'@en,0,,
P627,1,IUCN taxon ID'@en,0,,
P6264,1,Harvard Index of Botanists ID'@en,0,,
P6257,1,right ascension'@en,0,,
P6246,1,Paris Musées work ID'@en,0,,
P6234,1,Biographie nationale de Belgique ID'@en,0,,
P6221,1,NooSFere story ID'@en,0,,
P6194,1,Austrian Biographical Encylopedia ID'@en,0,,
P6182,1,GameFAQs company ID'@en,0,,
P6181,1,Disney A to Z ID'@en,0,,
P6160,1,BoardGameGeek game publisher ID'@en,0,,
P6118,1,season ends'@en,0,,
P6108,1,IIIF manifest'@en,0,,
P6083,1,Cineuropa person ID'@en,0,,
P6002,1,WikiArt ID'@en,0,,
P5998,1,distributary'@en,0,,
P5984,1,APNI ID'@en,0,,
P5982,1,annual number of weddings'@en,0,,
P597,1,WTA player ID'@en,0,,
P5933,1,tweet ID'@en,0,,
P592,1,ChEMBL ID'@en,0,,
P5910,1,ENI number'@en,0,,
P5905,1,Comic Vine ID'@en,0,,
P5894,1,tuition fee'@en,0,,
P5885,1,Microsoft Store product ID'@en,0,,
P5866,1,LakeNet ID'@en,0,,
P5844,1,Treccani Vocabulary ID'@en,0,,
P5838,1,Nintendo GameID (GameCube/Wii)'@en,0,,
P5829,1,Television Academy Foundation show ID'@en,0,,
P5822,1,admission rate'@en,0,,
P5814,1,IANA service name'@en,0,,
P5810,1,cryptocurrency symbol'@en,0,,
P5800,1,narrative role'@en,0,,
P5786,1,Moviepilot.de film ID'@en,0,,
P5776,1,Arnet Miner author ID'@en,0,,
P5705,1,Los Angeles Review of Books author ID'@en,0,,
P5696,1,Indian Railways station code'@en,0,,
P5692,1,dummy value'@en,0,,
P5658,1,railway traffic side'@en,0,,
P5647,1,Baidu ScholarID'@en,0,,
P5646,1,AniDB anime ID'@en,0,,
P5642,1,risk factor'@en,0,,
P564,1,singles record'@en,0,,
P5586,1,Times Higher Education World University ID'@en,0,,
P5580,1,Norwegian National Road DataBase ID'@en,0,,
P5571,1,NooSFere book ID'@en,0,,
P555,1,doubles record'@en,0,,
P553,1,website account on'@en,0,,
P5505,1,WorldCat Registry ID'@en,0,,
P5504,1,RISM ID'@en,0,,
P5483,1,hardness'@en,0,,
P5412,1,romanization of Belarusian (2007 system)'@en,0,,
P5395,1,Canadian Encyclopedia article ID'@en,0,,
P5361,1,BNB person ID'@en,0,,
P5346,1,Playboy Plus ID'@en,0,,
P5297,1,Companies House officer ID'@en,0,,
P5286,1,Portable Game Notation'@en,0,,
P5284,1,Douban movie celebrity ID'@en,0,,
P5254,1,FilmTv.it person ID'@en,0,,
P5252,1,winter view'@en,0,,
P523,1,temporal range start'@en,0,,
P522,1,type of orbit'@en,0,,
P521,1,scheduled service destination'@en,0,,
P5135,1,greater than'@en,0,,
P5109,1,has grammatical gender'@en,0,,
P5058,1,Encyklopedia Teatru Polskiego person ID'@en,0,,
P5056,1,patronym or matronym for this person'@en,0,,
P5044,1,number of spoilt votes'@en,0,,
P503,1,ISO standard'@en,0,,
P5029,1,Researchmap ID'@en,0,,
P5028,1,sound designer'@en,0,,
P5024,1,choral conductor'@en,0,,
P5012,1,special rank'@en,0,,
P5004,1,in opposition to'@en,0,,
P4993,1,Hungarian public body ID'@en,0,,
P4983,1,TMDb TV series ID'@en,0,,
P4969,1,derivative work'@en,0,,
P4957,1,AIDA freediver ID'@en,0,,
P4955,1,MR Author ID'@en,0,,
P4947,1,TMDb movie ID'@en,0,,
P4945,1,download link'@en,0,,
P493,1,ICD-9'@en,0,,
P4910,1,AlloCiné company ID'@en,0,,
P4905,1,KMSKA work PID'@en,0,,
P4901,1,Zenodo ID'@en,0,,
P4898,1,Chronicling America newspaper ID'@en,0,,
P4896,1,3D model'@en,0,,
P489,1,currency symbol description'@en,0,,
P4856,1,conscription number'@en,0,,
P4814,1,Inventories of American Painting and Sculpture control number'@en,0,,
P4806,1,Gaming-History ID'@en,0,,
P480,1,FilmAffinity ID'@en,0,,
P4787,1,CiNii author ID (articles)'@en,0,,
P4759,1,Luminous-Lint ID'@en,0,,
P4733,1,produced sound'@en,0,,
P4715,1,Guide to North American Birds ID'@en,0,,
P4700,1,Cairn publication ID'@en,0,,
P468,1,dan/kyu rank'@en,0,,
P4672,1,EMLO location ID'@en,0,,
P4665,1,CineMagia title ID'@en,0,,
P4663,1,DACS ID (former)'@en,0,,
P4606,1,National Film Board of Canada film ID'@en,0,,
P4584,1,first appearance'@en,0,,
P455,1,Emporis building ID'@en,0,,
P454,1,Structurae structure ID'@en,0,,
P4533,1,Czech street ID'@en,0,,
P4529,1,Douban film ID'@en,0,,
P4467,1,Twitch category ID'@en,0,,
P4466,1,Unified Astronomy Thesaurus ID'@en,0,,
P4457,1,DAHR artist ID'@en,0,,
P4450,1,HAL author ID'@en,0,,
P4442,1,mean age'@en,0,,
P4437,1,FPB rating'@en,0,,
P4434,1,LesBiographies.com ID'@en,0,,
P4408,1,sports.ru athlete ID'@en,0,,
P4404,1,MusicBrainz recording ID'@en,0,,
P440,1,German district key'@en,0,,
P4387,1,update method'@en,0,,
P4372,1,iPatrimônio ID'@en,0,,
P4353,1,nominated by'@en,0,,
P4352,1,BillionGraves cemetery ID'@en,0,,
P433,1,issue'@en,0,,
P4328,1,Brueckenweb ID'@en,0,,
P4327,1,BHL bibliography ID'@en,0,,
P4320,1,mountains classification'@en,0,,
P4300,1,YouTube playlist ID'@en,0,,
P4295,1,readership'@en,0,,
P4283,1,LUMIERE director ID'@en,0,,
P427,1,taxonomic type'@en,0,,
P4258,1,Gallica ID'@en,0,,
P4254,1,Banglapedia ID (Bengali)'@en,0,,
P4214,1,highest observed lifespan'@en,0,,
P4208,1,Billboard artist ID'@en,0,,
P4204,1,The Times of India topic ID'@en,0,,
P4199,1,Google Play Music album ID (former scheme)'@en,0,,
P4198,1,Google Play Music artist ID (former scheme)'@en,0,,
P4180,1,GujLit person ID'@en,0,,
P4175,1,Patreon ID'@en,0,,
P4171,1,World Heritage Tentative List ID'@en,0,,
P4158,1,autores.ar ID'@en,0,,
P4151,1,game mechanics'@en,0,,
P4142,1,RIWAQ Registry of Historic Buildings in Palestine ID'@en,0,,
P4135,1,maximum age'@en,0,,
P4133,1,Tourer.it ID'@en,0,,
P4132,1,linguistic typology'@en,0,,
P4117,1,National Record of the Historic Environment ID'@en,0,,
P4109,1,URN-NBN'@en,0,,
P4100,1,parliamentary group'@en,0,,
P4093,1,Australian Statistical Geography 2016 ID'@en,0,,
P4092,1,checksum'@en,0,,
P4091,1,Irish Grid Reference'@en,0,,
P4068,1,Chinese Olympic Committee athlete ID'@en,0,,
P406,1,soundtrack release'@en,0,,
P4025,1,Pinakothek artist ID'@en,0,,
P4014,1,Australian Statistical Geography 2011 ID'@en,0,,
P4007,1,DBS ID'@en,0,,
P4003,1,Facebook page ID'@en,0,,
P3989,1,members have occupation'@en,0,,
P3961,1,Unifrance film ID'@en,0,,
P396,1,SBN author ID'@en,0,,
P3921,1,Wikidata SPARQL query equivalent'@en,0,,
P3911,1,STW Thesaurus for Economics ID'@en,0,,
P3893,1,public domain date'@en,0,,
P3849,1,LombardiaBeniCulturali institution ID'@en,0,,
P3830,1,CueTracker player ID'@en,0,,
P3804,1,TV Guide show ID (former scheme)'@en,0,,
P3797,1,autonomous system number'@en,0,,
P377,1,SCN'@en,0,,
P3759,1,SAHRA heritage site ID'@en,0,,
P3747,1,SSRN author ID'@en,0,,
P3719,1,regulated by'@en,0,,
P3716,1,social classification'@en,0,,
P370,1,Sandbox-String'@en,0,,
P3697,1,Sports-Reference.com college football player ID'@en,0,,
P3682,1,Australian Olympic Committee athlete ID'@en,0,,
P3660,1,FootballFacts.ru player ID'@en,0,,
P3636,1,PDB ligand ID'@en,0,,
P3631,1,Babelio work ID'@en,0,,
P3630,1,Babelio author ID'@en,0,,
P3604,1,World Triathlon triathlete ID'@en,0,,
P3597,1,F-Droid package'@en,0,,
P3588,1,WNBA player ID'@en,0,,
P358,1,discography'@en,0,,
P3574,1,FanGraphs player ID'@en,0,,
P3569,1,Cultureel Woordenboek ID'@en,0,,
P3562,1,Admiralty number'@en,0,,
P3553,1,Zhihu topic ID'@en,0,,
P3544,1,Te Papa agent ID'@en,0,,
P3542,1,FIBA player ID'@en,0,,
P3537,1,FootballDatabase.eu player ID'@en,0,,
P353,1,HGNC gene symbol'@en,0,,
P3529,1,median income'@en,0,,
P3503,1,LombardiaBeniCulturali building ID'@en,0,,
P3478,1,Songkick artist ID'@en,0,,
P3446,1,Italian Athletics Federation athlete ID'@en,0,,
P3443,1,Victorian Heritage Database ID'@en,0,,
P3437,1,people or cargo transported'@en,0,,
P3425,1,Natura 2000 site ID'@en,0,,
P3403,1,coextensive with'@en,0,,
P3395,1,heart rate'@en,0,,
P3388,1,LittleSis people ID'@en,0,,
P3381,1,File Format Wiki page ID'@en,0,,
P3377,1,Bloomberg company ID'@en,0,,
P3371,1,Observatoire du Patrimoine Religieux ID'@en,0,,
P3368,1,Prabook ID'@en,0,,
P3361,1,PictoRight ID code'@en,0,,
P3351,1,Adult Film Database actor ID'@en,0,,
P3324,1,petit-patrimoine.com ID'@en,0,,
P3321,1,male form of label'@en,0,,
P3318,1,Guía Digital del Patrimonio Cultural de Andalucía identifier'@en,0,,
P3273,1,Actorenregister ID'@en,0,,
P3258,1,LiveJournal ID'@en,0,,
P3233,1,PhilPeople profile'@en,0,,
P3230,1,SCAR Composite Gazetteer place ID'@en,0,,
P3219,1,Encyclopædia Universalis ID'@en,0,,
P3212,1,ISAN'@en,0,,
P3204,1,Ciné-Ressources person ID'@en,0,,
P3174,1,art director'@en,0,,
P3152,1,Findsmiley ID'@en,0,,
P3138,1,OFDb film ID'@en,0,,
P3136,1,elCinema person ID'@en,0,,
P3127,1,Latindex ID'@en,0,,
P3125,1,EDRPOU code'@en,0,,
P3124,1,Polish scientist ID'@en,0,,
P3121,1,Epguides ID'@en,0,,
P3114,1,ISzDb person ID'@en,0,,
P3112,1,DistroWatch ID'@en,0,,
P3108,1,Yelp ID'@en,0,,
P3106,1,Guardian topic ID'@en,0,,
P3103,1,has tense'@en,0,,
P3092,1,film crew member'@en,0,,
P3089,1,Flags of the World ID'@en,0,,
P3083,1,SIMBAD ID'@en,0,,
P3081,1,damaged'@en,0,,
P3060,1,ButMoth ID'@en,0,,
P3057,1,Charity Commission no.'@en,0,,
P3056,1,TCM Movie Database person ID'@en,0,,
P3047,1,PlaymakerStats.com player ID'@en,0,,
P304,1,page(s)'@en,0,,
P3030,1,sheet music'@en,0,,
P3029,1,UK National Archives ID'@en,0,,
P3019,1,railway signalling system'@en,0,,
P3018,1,located in protected area'@en,0,,
P3014,1,laws applied'@en,0,,
P3001,1,retirement age'@en,0,,
P2959,1,permanent duplicated item'@en,0,,
P2925,1,domain of saint or deity'@en,0,,
P2919,1,label in sign language'@en,0,,
P2908,1,SecondHandSongs work ID'@en,0,,
P2907,1,UTC timezone offset'@en,0,,
P2905,1,RateBeer brewery ID'@en,0,,
P2898,1,Swedish county letter'@en,0,,
P2895,1,maximum sustained winds'@en,0,,
P2892,1,UMLS CUI'@en,0,,
P2872,1,visitor centre'@en,0,,
P2857,1,WWE.com superstar ID'@en,0,,
P2854,1,disease burden'@en,0,,
P2848,1,Wi-Fi access'@en,0,,
P2830,1,Online World of Wrestling ID'@en,0,,
P2826,1,Megogo ID'@en,0,,
P2825,1,via'@en,0,,
P2824,1,Gazetteer of Planetary Nomenclature ID'@en,0,,
P2813,1,house publication'@en,0,,
P2804,1,World Sailing member ID'@en,0,,
P2800,1,Beach Volleyball Database ID'@en,0,,
P2798,1,Loop ID'@en,0,,
P2770,1,source of income'@en,0,,
P2756,1,EIRIN film rating'@en,0,,
P2755,1,exploitation visa number'@en,0,,
P2754,1,production date'@en,0,,
P2750,1,Photographers\' Identities Catalog ID'@en,0,,
P2748,1,PRONOM file format identifier'@en,0,,
P2727,1,United World Wrestling ID'@en,0,,
P2726,1,UIPM athlete ID'@en,0,,
P2723,1,Deezer album ID'@en,0,,
P270,1,CALIS ID'@en,0,,
P2694,1,ISU figure skater ID'@en,0,,
P2689,1,BARTOC ID'@en,0,,
P2674,1,next crossing downstream'@en,0,,
P2673,1,next crossing upstream'@en,0,,
P2665,1,alcohol by volume'@en,0,,
P2659,1,topographic isolation'@en,0,,
P2645,1,mean lifetime'@en,0,,
P2640,1,Swimrankings.net swimmer ID'@en,0,,
P2634,1,model'@en,0,,
P2630,1,cost of damage'@en,0,,
P2626,1,Danish National Filmography person ID'@en,0,,
P2622,1,Companies House company ID'@en,0,,
P2595,1,maximum gradient'@en,0,,
P2581,1,BabelNet ID'@en,0,,
P2574,1,National-Football-Teams.com player ID'@en,0,,
P2538,1,Nationalmuseum Sweden ID'@en,0,,
P2532,1,lowest atmospheric pressure'@en,0,,
P2527,1,earthquake magnitude on the moment magnitude scale'@en,0,,
P2522,1,victory'@en,0,,
P2519,1,Scope.dk person ID'@en,0,,
P2515,1,costume designer'@en,0,,
P2492,1,MTMT author ID'@en,0,,
P2461,1,ComLaw ID'@en,0,,
P245,1,Union List of Artist Names ID'@en,0,,
P2440,1,transliteration'@en,0,,
P2390,1,Ballotpedia ID'@en,0,,
P2387,1,Elonet person ID'@en,0,,
P2383,1,CTHS person ID'@en,0,,
P2381,1,Academic Tree ID'@en,0,,
P2360,1,intended public'@en,0,,
P2334,1,Swedish Film Database film ID'@en,0,,
P233,1,canonical SMILES'@en,0,,
P2285,1,periapsis date'@en,0,,
P2267,1,PolitiFact people and groups ID'@en,0,,
P2242,1,Florentine musea catalogue ID'@en,0,,
P2232,1,cash'@en,0,,
P2225,1,discharge'@en,0,,
P2209,1,SourceForge project'@en,0,,
P2206,1,Discogs release ID'@en,0,,
P2200,1,electric charge'@en,0,,
P2197,1,production rate'@en,0,,
P2193,1,Soccerbase player ID'@en,0,,
P2191,1,Vegetti Catalog of Fantastic Literature NILF ID'@en,0,,
P219,1,ISO 639-2 code'@en,0,,
P2118,1,kinematic viscosity'@en,0,,
P2100,1,Banque de noms de lieux du Québec ID'@en,0,,
P2098,1,substitute/deputy/replacement of office/officeholder'@en,0,,
P2095,1,co-driver'@en,0,,
P2094,1,competition class'@en,0,,
P2089,1,Library of Congress JukeBox ID (former scheme)'@en,0,,
P2087,1,Crunchbase person ID'@en,0,,
P2082,1,M.49 code'@en,0,,
P2079,1,fabrication method'@en,0,,
P2075,1,speed of sound'@en,0,,
P2070,1,Fellow of the Royal Society ID'@en,0,,
P2069,1,magnetic moment'@en,0,,
P205,1,basin country'@en,0,,
P2042,1,Artsy artist ID'@en,0,,
P2015,1,Hansard (1803–2005) ID'@en,0,,
P2004,1,NALT ID'@en,0,,
P199,1,business division'@en,0,,
P1986,1,Biographical Dictionary of Italian People ID'@en,0,,
P1978,1,USDA NDB number'@en,0,,
P1977,1,Les Archives du spectacle person ID'@en,0,,
P1976,1,INEGI locality ID'@en,0,,
P1972,1,Open Hub ID'@en,0,,
P1970,1,MovieMeter film ID'@en,0,,
P1961,1,CTHS society ID'@en,0,,
P196,1,minor planet group'@en,0,,
P1936,1,Digital Atlas of the Roman Empire ID'@en,0,,
P1907,1,Australian Dictionary of Biography ID'@en,0,,
P1880,1,measurement scale'@en,0,,
P1877,1,after a work by'@en,0,,
P1876,1,vehicle'@en,0,,
P1853,1,blood type'@en,0,,
P1838,1,PSS-archi ID'@en,0,,
P1821,1,Open Food Facts food category ID'@en,0,,
P1811,1,list of episodes'@en,0,,
P1810,1,subject named as'@en,0,,
P1807,1,Great Aragonese Encyclopedia ID'@en,0,,
P1792,1,category of associated people'@en,0,,
P1789,1,chief operating officer'@en,0,,
P1786,1,posthumous name'@en,0,,
P1785,1,temple name'@en,0,,
P1779,1,possible creator'@en,0,,
P1730,1,AllMusic song ID'@en,0,,
P1726,1,Florentine musea Inventario 1890 ID'@en,0,,
P1714,1,Journalisted ID'@en,0,,
P1711,1,British Museum person or institution ID'@en,0,,
P1707,1,DAAO ID'@en,0,,
P1702,1,DGPC ID'@en,0,,
P1699,1,SkyscraperPage building ID'@en,0,,
P1665,1,Chessgames.com player ID'@en,0,,
P1657,1,MPAA film rating'@en,0,,
P1631,1,China Vitae person ID'@en,0,,
P1628,1,equivalent property'@en,0,,
P1609,1,Dialnet journal ID'@en,0,,
P1596,1,penalty'@en,0,,
P1594,1,judge'@en,0,,
P1561,1,number of survivors'@en,0,,
P1560,1,given name version for other gender'@en,0,,
P1557,1,manifestation of'@en,0,,
P1550,1,Orphanet ID'@en,0,,
P1547,1,depends on software'@en,0,,
P1479,1,has contributing factor'@en,0,,
P1472,1,Commons Creator page'@en,0,,
P1466,1,WALS lect code'@en,0,,
P1455,1,list of works'@en,0,,
P1445,1,fictional universe described in'@en,0,,
P1431,1,executive producer'@en,0,,
P1421,1,GRIN URL'@en,0,,
P1419,1,shape'@en,0,,
P1397,1,State Catalogue of Geographical Names (Russia) ID'@en,0,,
P1375,1,NSK ID'@en,0,,
P1368,1,LNB ID'@en,0,,
P1364,1,ITTF table tennis player ID'@en,0,,
P1325,1,external data available at'@en,0,,
P1305,1,CTBUH Skyscraper Center building ID'@en,0,,
P1292,1,DNB editions'@en,0,,
P1283,1,filmography'@en,0,,
P1260,1,Swedish Open Cultural Heritage URI'@en,0,,
P1256,1,Iconclass notation'@en,0,,
P1246,1,patent number'@en,0,,
P1230,1,JSTOR journal ID'@en,0,,
P1225,1,U.S. National Archives Identifier'@en,0,,
P1219,1,Internet Broadway Database show ID'@en,0,,
P1204,1,Wikimedia portal\'s main topic'@en,0,,
P1182,1,LIBRIS editions'@en,0,,
P1160,1,ISO 4 abbreviation'@en,0,,
P1158,1,location of landing'@en,0,,
P1156,1,Scopus source ID'@en,0,,
P1150,1,Regensburg Classification'@en,0,,
P1143,1,BN (Argentine) editions'@en,0,,
P114,1,airline alliance'@en,0,,
P111,1,measured physical quantity'@en,0,,
P10820,1,Kino.mail.ru person ID'@en,0,,
P10804,1,Twitter list ID'@en,0,,
P1060,1,disease transmission process'@en,0,,
P1058,1,ERA Journal ID'@en,0,,
P1055,1,NLM Unique ID'@en,0,,
P1054,1,NDL bib ID'@en,0,,
P1049,1,worshipped by'@en,0,,
P10447,1,Pamyat Naroda ID'@en,0,,
P10283,1,OpenAlex ID'@en,0,,
P1028,1,donated by'@en,0,,
P10263,1,admission yield rate'@en,0,,
P10254,1,associated cadastral district'@en,0,,
P1025,1,SUDOC editions'@en,0,,
P1018,1,language regulatory body'@en,0,,
P1004,1,MusicBrainz place ID'@en,0,,
P10027,1,official forum URL'@en,0,,
P10022,1,Dizionario di Medicina ID'@en,0,,
,5480866,,,,